id,recall_ad,post_trust_vaccine,post_concern_side_effects,vaccine_uptake
1,No,3,2,No
2,No,1,3,No
3,No,2,4,Yes
4,No,3,2,No
5,No,2,4,Yes
6,Yes,1,5,Yes
7,No,1,4,No
8,Yes,2,4,No
9,Yes,1,2,Yes
10,Yes,4,4,Yes
11,Yes,1,2,Yes
12,No,1,1,No
13,No,5,1,Yes
14,No,4,2,Yes
15,No,4,2,No
17,No,2,1,No
18,No,2,1,Yes
19,No,4,5,Yes
20,No,4,5,Yes
21,Yes,4,4,Yes
22,No,1,3,No
23,Yes,4,3,No
24,No,4,4,Yes
25,No,4,2,No
26,Yes,2,2,No
27,Yes,5,1,Yes
28,Yes,4,5,No
29,Yes,3,2,Yes
31,Yes,1,4,Yes
32,Yes,4,1,Yes
33,Yes,4,2,No
34,No,1,4,Yes
35,No,1,1,Yes
36,No,5,4,No
37,Yes,1,4,No
39,No,5,5,Yes
40,Yes,5,2,Yes
41,No,5,4,No
43,No,1,3,Yes
44,Yes,5,3,Yes
45,Yes,2,5,Yes
46,No,2,4,No
47,No,1,4,Yes
48,Yes,3,2,Yes
50,No,2,1,Yes
51,No,2,2,Yes
52,No,1,2,No
53,No,4,2,Yes
55,No,3,4,Yes
56,No,3,5,No
57,No,1,5,Yes
58,No,1,1,Yes
59,Yes,3,3,Yes
60,No,3,2,No
61,No,5,1,Yes
62,No,5,5,No
63,Yes,3,2,Yes
64,No,5,4,Yes
66,No,1,1,No
67,No,1,3,Yes
68,Yes,5,5,Yes
69,Yes,4,4,Yes
70,No,2,1,Yes
71,Yes,2,4,Yes
73,No,4,2,Yes
74,Yes,5,3,Yes
75,No,4,3,Yes
77,No,5,2,No
78,No,3,2,Yes
79,Yes,5,4,Yes
81,Yes,4,2,No
82,Yes,1,5,Yes
83,Yes,4,3,No
84,No,2,1,Yes
85,Yes,5,3,Yes
86,Yes,5,4,No
87,No,1,3,Yes
88,Yes,3,1,Yes
89,Yes,2,4,Yes
90,No,5,1,Yes
91,Yes,1,5,Yes
92,No,3,5,No
93,No,1,2,No
94,No,5,5,Yes
95,No,2,3,Yes
96,No,5,4,No
97,No,1,1,No
98,No,3,3,Yes
99,No,4,1,No
100,No,3,1,Yes
101,No,5,3,Yes
102,No,4,3,No
103,No,4,4,Yes
104,Yes,5,4,No
105,No,4,4,Yes
106,No,3,5,Yes
107,No,3,1,Yes
108,Yes,5,5,Yes
109,No,2,3,Yes
110,No,3,5,Yes
111,Yes,1,1,No
112,Yes,4,4,Yes
113,No,4,3,Yes
115,No,1,1,No
116,No,3,5,Yes
117,Yes,2,3,Yes
118,No,5,3,Yes
119,No,2,2,No
120,No,4,4,No
121,No,5,3,Yes
122,Yes,4,2,Yes
123,No,1,4,No
124,No,2,5,No
125,No,4,3,Yes
126,No,3,4,Yes
127,No,5,5,No
128,Yes,3,3,Yes
129,No,3,2,No
130,Yes,4,2,Yes
131,Yes,3,2,Yes
132,No,4,2,Yes
133,No,3,2,Yes
134,Yes,2,3,No
135,Yes,2,2,Yes
136,Yes,3,4,Yes
137,No,4,3,No
138,No,3,1,Yes
139,No,3,5,No
140,No,1,3,Yes
141,No,5,3,No
142,No,2,2,Yes
143,Yes,4,4,Yes
144,Yes,1,3,Yes
145,No,5,4,Yes
146,Yes,1,3,No
147,Yes,1,5,Yes
148,No,5,4,No
149,No,2,5,No
150,No,1,4,Yes
151,No,2,1,Yes
152,Yes,4,2,Yes
153,Yes,3,4,Yes
154,No,2,2,Yes
155,No,1,4,No
156,No,3,1,Yes
157,No,3,4,Yes
158,No,1,5,No
159,No,2,4,Yes
160,No,4,1,Yes
161,No,5,4,No
163,No,3,4,No
164,Yes,4,2,No
165,Yes,5,5,Yes
166,Yes,2,5,Yes
167,No,5,3,Yes
168,No,5,2,Yes
169,Yes,1,5,No
170,No,4,1,Yes
171,No,1,2,Yes
172,Yes,4,1,Yes
173,No,4,3,No
174,No,4,4,Yes
175,No,1,3,Yes
176,Yes,3,2,No
177,No,3,5,Yes
178,No,4,3,Yes
179,No,4,2,No
180,Yes,5,3,Yes
181,No,4,4,Yes
182,Yes,5,2,No
183,Yes,2,1,No
184,Yes,2,3,Yes
185,No,2,2,Yes
186,Yes,5,1,No
188,Yes,1,1,No
189,Yes,3,3,Yes
190,No,2,5,Yes
191,No,1,2,Yes
192,Yes,5,3,Yes
193,No,1,4,No
195,Yes,3,4,Yes
197,No,5,4,Yes
198,No,3,5,No
200,No,4,1,Yes
202,No,4,5,Yes
203,No,4,1,Yes
204,No,3,5,No
205,No,3,1,Yes
206,No,3,5,No
207,No,1,4,Yes
209,No,4,3,Yes
210,No,1,5,Yes
211,No,5,4,Yes
212,No,2,2,Yes
213,Yes,3,2,No
214,Yes,4,5,No
215,No,1,3,Yes
218,Yes,5,5,Yes
219,Yes,3,5,Yes
220,No,4,2,Yes
221,No,5,1,Yes
222,No,5,4,Yes
223,Yes,4,5,Yes
224,No,4,4,Yes
225,Yes,5,3,Yes
226,No,4,3,Yes
227,Yes,3,2,No
228,Yes,1,5,Yes
229,No,4,1,Yes
230,No,1,5,Yes
231,No,1,3,Yes
232,No,5,3,No
233,No,2,3,Yes
234,Yes,5,5,Yes
235,No,4,4,Yes
236,No,3,5,No
237,Yes,1,1,Yes
238,No,1,1,No
239,No,5,3,No
240,No,5,5,Yes
242,Yes,2,4,Yes
243,Yes,3,4,Yes
244,No,4,5,No
245,No,2,5,No
246,No,2,5,Yes
247,Yes,4,4,Yes
248,No,3,3,No
249,No,1,5,No
250,Yes,5,5,Yes
251,No,3,1,No
252,No,1,5,Yes
253,No,1,5,No
254,Yes,3,5,Yes
256,No,3,1,Yes
257,Yes,5,1,Yes
258,Yes,2,1,No
259,No,3,5,No
260,Yes,2,5,Yes
261,No,2,5,No
262,No,5,3,No
263,No,3,2,No
264,Yes,1,1,Yes
265,No,5,4,No
266,No,1,4,Yes
267,Yes,4,3,No
268,Yes,3,5,No
269,Yes,3,3,No
270,No,3,1,Yes
271,No,1,5,Yes
272,Yes,5,5,Yes
273,No,2,5,Yes
274,No,3,3,No
275,Yes,3,4,Yes
277,No,1,3,No
278,No,2,5,No
279,No,1,2,Yes
280,No,5,4,Yes
281,No,4,1,No
282,No,1,5,No
283,No,1,2,No
285,Yes,1,1,Yes
286,No,3,3,Yes
287,No,4,5,No
288,Yes,5,3,No
289,No,3,4,Yes
290,Yes,2,5,Yes
291,Yes,3,3,No
292,No,2,3,Yes
293,No,5,1,No
295,Yes,3,1,Yes
296,No,4,3,Yes
297,No,3,2,Yes
298,Yes,5,1,Yes
299,No,5,5,Yes
300,No,4,1,Yes
301,Yes,1,2,Yes
302,Yes,4,3,No
303,No,2,1,No
304,No,4,1,Yes
305,No,1,4,No
306,No,4,3,Yes
307,No,5,2,No
308,No,4,1,Yes
309,No,3,2,Yes
310,No,1,5,No
311,Yes,3,2,Yes
312,Yes,3,2,Yes
313,No,1,4,Yes
315,Yes,1,5,Yes
316,No,3,5,Yes
317,No,3,4,Yes
318,No,4,5,No
319,Yes,2,5,Yes
320,Yes,3,2,Yes
321,Yes,2,4,Yes
322,No,2,1,Yes
323,No,2,4,No
324,No,4,3,Yes
325,No,4,1,Yes
326,Yes,5,2,Yes
327,No,1,4,Yes
328,No,1,4,No
329,Yes,4,1,Yes
330,Yes,1,3,No
331,No,3,4,Yes
332,No,2,5,No
334,No,2,1,No
335,Yes,2,1,Yes
336,No,1,5,No
337,No,2,4,Yes
338,No,1,4,Yes
339,No,2,4,No
340,No,5,2,No
341,Yes,5,5,No
343,No,3,1,No
344,No,4,2,No
345,No,5,3,Yes
346,No,5,2,Yes
347,Yes,5,4,No
348,No,4,4,Yes
349,No,5,3,Yes
350,No,4,5,No
352,Yes,2,2,Yes
353,No,5,2,Yes
356,No,3,5,No
357,No,1,2,No
358,Yes,2,2,No
359,No,5,1,No
360,No,5,1,No
361,No,2,5,Yes
362,Yes,1,2,Yes
363,No,2,3,No
364,No,1,5,Yes
365,Yes,5,3,No
366,Yes,4,1,Yes
367,Yes,5,3,No
368,No,4,3,No
369,No,1,4,No
370,No,4,4,Yes
371,No,1,3,Yes
372,Yes,1,1,Yes
373,Yes,5,2,Yes
374,Yes,5,1,No
375,No,5,3,No
376,No,1,3,Yes
377,No,1,4,Yes
378,No,3,1,Yes
379,No,2,4,No
380,Yes,2,1,No
381,No,1,3,No
382,Yes,2,4,No
383,No,1,3,Yes
384,No,1,2,No
385,Yes,5,3,No
386,No,5,1,No
387,No,3,4,Yes
388,Yes,4,2,Yes
389,Yes,1,1,Yes
390,Yes,2,3,Yes
391,No,1,3,Yes
392,No,2,4,Yes
393,Yes,5,5,Yes
394,No,1,1,No
395,No,2,4,Yes
397,No,1,4,Yes
398,Yes,5,1,Yes
399,No,2,1,Yes
400,Yes,5,3,Yes
402,No,2,2,Yes
403,No,1,3,Yes
404,Yes,4,1,Yes
405,No,1,4,No
406,Yes,4,1,Yes
407,Yes,4,1,Yes
408,No,2,5,No
409,No,5,4,Yes
410,No,1,4,Yes
411,No,4,4,Yes
412,Yes,2,1,No
413,Yes,1,5,No
414,No,2,4,No
416,Yes,2,5,Yes
417,No,1,3,No
418,Yes,1,3,No
419,No,1,2,No
420,No,1,2,No
421,No,2,4,Yes
422,Yes,5,2,Yes
423,Yes,1,1,No
424,Yes,4,1,No
425,Yes,1,3,Yes
426,Yes,1,5,Yes
427,No,3,5,Yes
428,No,2,2,No
429,No,3,5,Yes
430,No,1,2,Yes
431,Yes,5,1,Yes
432,No,1,1,Yes
433,No,2,4,Yes
434,No,4,1,Yes
435,Yes,1,3,No
436,Yes,4,1,Yes
437,No,2,3,Yes
438,No,4,5,Yes
439,Yes,3,3,Yes
440,No,5,3,Yes
441,No,2,4,No
442,Yes,5,3,Yes
443,No,1,2,No
445,No,5,4,Yes
446,No,1,1,No
448,Yes,1,5,Yes
449,Yes,3,1,No
450,No,3,3,No
451,No,5,5,No
452,No,2,1,No
454,No,5,5,No
455,No,4,2,No
456,Yes,2,5,Yes
457,No,2,2,No
458,Yes,1,2,Yes
459,No,3,4,Yes
460,No,3,4,No
461,No,1,3,Yes
462,Yes,2,5,Yes
463,No,1,3,No
464,No,2,2,Yes
465,Yes,2,2,Yes
466,No,1,4,No
470,No,2,3,No
471,No,3,2,Yes
472,Yes,1,1,Yes
473,No,5,2,No
474,No,1,3,Yes
475,No,4,5,Yes
476,No,5,1,Yes
477,Yes,2,1,Yes
478,No,5,4,No
479,No,3,2,Yes
480,No,1,3,No
481,No,1,2,No
482,No,5,4,Yes
483,Yes,5,2,No
484,No,1,3,No
485,No,1,1,Yes
486,No,1,2,Yes
487,No,1,5,Yes
488,No,2,5,Yes
489,No,4,4,No
491,Yes,3,5,Yes
492,Yes,4,4,Yes
494,Yes,4,4,Yes
495,No,5,4,No
496,No,5,1,No
497,No,2,2,No
498,No,1,2,No
499,Yes,2,2,Yes
500,Yes,5,2,Yes
501,Yes,2,2,No
503,No,1,1,No
504,No,2,5,No
505,Yes,5,1,Yes
506,No,1,4,No
507,Yes,2,1,No
508,No,2,2,No
509,No,1,3,Yes
510,Yes,2,1,Yes
511,Yes,4,5,Yes
512,No,5,5,No
513,Yes,3,1,Yes
514,Yes,5,2,No
515,No,4,2,Yes
516,No,5,3,No
517,No,1,4,Yes
518,No,2,1,Yes
519,Yes,2,5,Yes
520,No,4,4,Yes
521,Yes,4,4,No
522,No,3,2,Yes
525,No,2,2,Yes
526,Yes,1,4,Yes
527,No,4,3,Yes
528,No,1,4,No
529,No,4,4,Yes
530,No,2,5,Yes
531,No,1,4,Yes
532,Yes,1,3,Yes
533,No,3,5,Yes
534,No,1,5,No
535,No,2,2,Yes
537,Yes,3,3,Yes
538,No,1,4,Yes
539,No,4,2,No
540,Yes,4,5,Yes
541,No,5,2,Yes
542,Yes,5,4,Yes
543,Yes,4,5,Yes
546,No,5,5,Yes
547,No,1,4,Yes
548,No,4,1,No
549,Yes,1,2,No
550,No,2,4,Yes
551,No,1,5,Yes
552,No,3,5,Yes
553,No,2,3,Yes
554,No,2,4,No
555,No,2,2,No
556,Yes,5,4,No
557,Yes,4,5,Yes
558,No,4,1,No
559,No,4,3,Yes
560,No,3,1,No
561,No,5,5,Yes
562,No,3,2,Yes
563,No,4,1,No
564,No,4,4,No
565,No,2,3,Yes
566,No,1,1,Yes
567,No,3,5,Yes
568,Yes,5,2,Yes
569,No,3,3,Yes
570,No,4,3,Yes
572,Yes,1,2,Yes
573,No,5,5,No
575,No,3,5,Yes
576,No,1,2,No
577,No,5,1,No
578,No,3,5,No
579,Yes,2,5,No
580,Yes,4,4,Yes
581,No,2,1,No
582,Yes,4,1,Yes
583,No,5,4,No
584,Yes,2,1,Yes
585,No,2,3,Yes
588,Yes,5,2,Yes
589,No,1,2,No
590,Yes,1,3,No
592,Yes,5,5,No
593,Yes,2,1,Yes
594,Yes,4,1,Yes
595,Yes,5,1,Yes
596,Yes,1,5,Yes
598,No,5,1,No
599,No,5,4,No
600,No,4,4,Yes
601,No,2,5,Yes
602,Yes,4,4,Yes
603,Yes,2,5,No
604,Yes,2,1,Yes
605,Yes,4,5,Yes
606,No,5,4,Yes
607,Yes,2,2,Yes
608,Yes,4,3,Yes
609,No,3,1,Yes
610,Yes,2,5,No
611,Yes,1,5,No
612,No,4,2,Yes
613,No,4,5,No
614,No,1,5,No
615,No,5,1,No
616,No,2,1,Yes
617,No,4,4,No
618,No,1,5,Yes
619,Yes,1,2,Yes
621,Yes,5,1,No
622,No,4,3,No
623,No,2,3,No
624,Yes,1,4,No
625,No,3,2,Yes
626,Yes,2,1,Yes
627,No,1,2,No
628,No,1,5,Yes
629,No,5,1,Yes
630,No,1,2,No
631,No,4,1,Yes
632,Yes,5,3,No
633,No,1,3,No
634,No,4,2,Yes
635,No,2,2,Yes
636,No,1,2,Yes
638,No,1,5,No
639,Yes,4,1,No
640,Yes,5,2,No
641,No,4,2,No
643,No,4,4,No
644,No,2,2,Yes
645,Yes,3,4,No
646,No,5,4,Yes
647,No,1,1,Yes
648,No,4,3,No
649,No,1,1,No
650,Yes,3,1,Yes
651,Yes,4,2,Yes
652,No,3,5,No
653,No,1,2,No
654,No,5,5,No
655,Yes,5,1,Yes
656,Yes,4,1,No
657,No,2,1,Yes
658,No,2,5,Yes
659,No,4,3,Yes
660,Yes,1,3,Yes
661,Yes,4,5,Yes
662,No,4,2,No
663,Yes,4,3,No
664,No,5,3,No
665,Yes,1,2,Yes
666,No,4,4,No
667,No,4,4,No
668,No,3,4,No
669,Yes,3,4,No
671,No,4,4,Yes
672,No,3,4,No
673,No,3,4,Yes
674,Yes,3,5,Yes
675,No,5,5,No
676,No,4,5,Yes
677,No,3,5,Yes
678,Yes,5,1,No
679,No,4,2,No
681,No,3,2,Yes
682,No,2,1,Yes
683,No,1,1,Yes
684,No,5,4,Yes
685,Yes,2,2,Yes
686,No,3,4,Yes
687,No,2,3,No
688,No,5,3,Yes
689,No,4,5,Yes
690,No,4,1,Yes
691,Yes,5,1,No
692,Yes,3,3,No
693,Yes,4,2,No
694,No,5,3,Yes
695,Yes,3,2,No
696,No,2,5,Yes
698,No,1,1,Yes
699,No,2,4,Yes
700,No,5,2,No
701,Yes,1,3,No
702,Yes,4,5,Yes
703,No,2,3,Yes
704,No,4,3,Yes
705,No,1,3,No
706,No,3,2,Yes
707,Yes,2,2,Yes
708,No,1,3,Yes
709,No,3,2,Yes
710,No,5,2,Yes
711,No,3,4,No
712,No,1,1,No
713,Yes,2,2,No
714,Yes,4,5,No
716,Yes,1,4,No
717,No,2,1,No
718,No,3,5,Yes
719,No,1,1,Yes
720,No,5,4,Yes
721,No,3,3,Yes
722,No,4,1,No
723,Yes,1,2,No
725,Yes,2,2,Yes
726,Yes,2,1,Yes
727,Yes,3,3,No
728,Yes,2,5,Yes
729,No,3,4,Yes
730,Yes,2,4,Yes
731,Yes,3,5,No
732,Yes,4,2,Yes
733,No,4,5,No
735,No,1,4,Yes
736,No,3,3,Yes
737,Yes,1,3,No
738,No,3,4,Yes
739,No,4,1,Yes
741,No,3,4,No
742,Yes,1,1,Yes
743,No,3,1,No
744,No,4,3,Yes
745,No,2,1,No
746,Yes,3,1,Yes
747,No,2,5,Yes
748,No,5,5,Yes
749,Yes,3,5,No
753,No,2,4,Yes
754,Yes,1,4,No
755,No,1,3,Yes
756,No,5,3,Yes
758,No,4,3,Yes
759,No,4,1,No
760,No,4,1,No
761,Yes,5,3,No
762,No,2,4,No
763,Yes,3,2,Yes
764,No,2,4,Yes
765,Yes,5,2,Yes
767,Yes,2,3,Yes
768,No,4,3,Yes
769,No,3,4,Yes
770,No,1,4,No
772,Yes,2,3,Yes
773,No,3,4,No
774,Yes,4,2,Yes
775,Yes,3,4,Yes
777,No,5,4,No
778,Yes,3,1,No
779,No,5,4,No
780,No,4,3,Yes
781,No,3,5,No
782,Yes,3,4,Yes
783,No,5,5,No
784,No,1,2,Yes
785,No,5,1,No
786,Yes,3,4,Yes
787,No,1,1,Yes
788,Yes,3,1,Yes
789,No,3,2,Yes
790,No,3,1,Yes
791,No,2,5,Yes
793,Yes,1,1,Yes
794,No,3,2,No
795,Yes,1,2,No
796,Yes,1,4,No
797,No,2,4,Yes
798,No,5,1,Yes
800,Yes,2,5,Yes
801,No,1,2,No
803,Yes,3,5,No
804,No,1,1,No
805,Yes,5,5,No
806,No,4,2,No
807,Yes,2,3,No
808,No,4,2,No
809,No,4,4,Yes
810,No,5,5,Yes
811,No,1,2,Yes
812,Yes,3,4,Yes
814,Yes,1,5,No
815,No,1,5,No
816,No,5,3,Yes
817,No,1,5,Yes
818,No,4,3,No
819,No,1,3,Yes
820,No,5,5,Yes
821,Yes,4,1,Yes
822,No,1,1,No
823,Yes,2,4,Yes
824,Yes,1,2,No
826,Yes,4,5,Yes
827,No,3,5,Yes
829,Yes,5,5,Yes
830,No,1,5,Yes
831,No,4,2,Yes
832,No,4,1,Yes
833,No,2,5,No
834,No,2,4,Yes
835,Yes,3,2,Yes
836,No,2,2,No
837,Yes,3,4,Yes
839,Yes,3,2,No
841,No,4,4,No
842,No,2,3,No
843,No,4,5,Yes
844,Yes,4,5,Yes
845,No,4,4,No
847,No,2,5,Yes
848,No,1,1,No
849,No,5,1,Yes
851,No,3,1,No
852,No,5,2,Yes
853,No,5,5,Yes
854,No,5,5,No
855,Yes,3,4,Yes
857,Yes,2,2,Yes
858,Yes,2,2,Yes
859,No,3,3,No
860,No,2,4,Yes
861,No,1,1,No
862,No,5,2,No
863,No,3,5,No
864,No,5,4,No
865,Yes,2,3,Yes
866,No,1,5,Yes
867,No,5,2,Yes
868,Yes,5,3,Yes
869,No,3,5,No
870,No,5,2,Yes
871,Yes,3,4,Yes
872,Yes,3,4,Yes
873,No,3,3,Yes
874,No,5,5,Yes
875,No,3,1,Yes
876,No,3,5,No
877,No,5,5,Yes
878,No,2,1,No
879,No,3,1,Yes
880,No,2,5,No
881,No,3,4,Yes
882,No,4,5,No
883,No,1,2,No
884,No,5,1,No
885,Yes,4,1,No
886,Yes,5,3,No
887,Yes,5,5,No
888,No,3,1,No
889,No,4,3,No
890,Yes,3,5,Yes
891,No,1,3,Yes
892,No,1,4,No
893,No,5,3,Yes
894,Yes,2,2,No
895,Yes,5,2,Yes
896,Yes,2,1,No
897,No,2,5,Yes
898,No,4,1,Yes
899,No,4,1,No
901,No,1,1,Yes
902,No,5,2,No
903,No,3,3,No
904,Yes,2,3,Yes
905,No,2,4,Yes
906,Yes,4,5,Yes
907,No,5,5,No
908,No,4,1,No
909,No,4,5,No
910,No,3,3,No
911,No,4,3,Yes
912,No,1,4,Yes
913,No,3,5,No
914,No,4,5,No
915,No,1,2,Yes
916,Yes,3,3,Yes
917,Yes,2,1,Yes
918,No,3,4,No
919,No,4,2,No
920,No,4,2,Yes
921,No,2,3,Yes
922,No,5,4,Yes
923,Yes,5,2,Yes
924,Yes,2,4,Yes
926,Yes,5,4,No
927,No,3,1,Yes
928,No,3,1,No
929,No,5,5,Yes
931,No,1,4,Yes
932,Yes,5,2,Yes
933,No,1,1,Yes
934,Yes,5,4,No
935,No,3,3,No
936,No,1,2,No
937,Yes,2,4,No
939,Yes,4,1,No
940,Yes,5,5,Yes
941,Yes,5,4,Yes
942,No,2,4,Yes
943,No,5,2,No
944,No,4,5,Yes
945,Yes,3,1,No
946,No,1,3,Yes
947,No,4,3,Yes
948,No,2,1,Yes
949,No,3,3,Yes
950,Yes,1,1,Yes
951,No,5,2,No
952,No,5,2,Yes
953,No,1,5,No
954,No,3,1,Yes
955,No,1,1,Yes
956,No,3,4,Yes
957,Yes,2,5,No
959,No,1,3,No
960,Yes,4,4,Yes
961,No,5,3,Yes
962,No,2,4,Yes
963,No,3,2,Yes
965,Yes,3,4,Yes
966,No,2,1,Yes
967,No,3,4,No
968,Yes,3,2,Yes
969,Yes,3,4,No
970,Yes,3,1,Yes
972,No,3,3,Yes
973,Yes,1,2,Yes
974,No,5,2,No
975,No,5,4,Yes
976,No,1,3,Yes
978,No,4,4,No
979,Yes,2,3,No
980,No,1,5,Yes
981,No,2,4,No
982,No,1,3,No
983,No,3,5,No
985,No,4,4,No
986,No,1,1,Yes
987,Yes,4,2,Yes
988,No,3,1,Yes
989,No,4,3,Yes
990,No,2,4,No
991,No,4,5,No
992,No,2,4,Yes
993,Yes,4,5,Yes
994,Yes,5,2,Yes
995,No,1,4,Yes
996,No,2,2,Yes
997,Yes,4,4,Yes
998,No,5,2,Yes
1000,No,3,3,Yes
1002,Yes,5,3,Yes
1003,No,4,4,Yes
1004,No,3,3,No
1005,Yes,4,2,No
1006,Yes,1,4,Yes
1007,No,5,3,No
1008,Yes,2,4,Yes
1009,No,3,3,No
1011,No,3,3,Yes
1012,No,1,4,Yes
1014,Yes,3,4,Yes
1015,No,3,2,No
1016,No,5,2,Yes
1017,No,1,4,Yes
1018,No,5,3,Yes
1019,No,1,5,Yes
1020,No,5,3,Yes
1021,No,2,2,Yes
1022,No,3,2,Yes
1023,No,4,4,No
1024,No,5,3,No
1025,No,1,4,Yes
1026,Yes,2,4,No
1027,No,2,5,Yes
1028,No,4,1,Yes
1029,No,4,3,No
1030,No,1,5,Yes
1031,No,5,3,No
1032,No,3,4,No
1033,No,1,3,Yes
1034,No,3,4,Yes
1035,Yes,3,1,No
1037,No,4,3,Yes
1038,No,2,4,No
1039,Yes,3,5,Yes
1040,No,1,5,Yes
1041,Yes,1,4,Yes
1042,No,5,3,Yes
1043,No,1,5,Yes
1044,No,3,2,Yes
1045,Yes,3,3,No
1046,No,2,1,No
1047,No,5,5,No
1048,No,3,3,Yes
1049,No,1,4,No
1050,No,1,5,Yes
1051,No,5,3,Yes
1052,No,2,5,No
1053,No,4,3,Yes
1054,No,4,1,Yes
1055,Yes,4,2,Yes
1056,No,5,1,Yes
1057,Yes,3,4,Yes
1058,No,3,2,Yes
1059,No,1,5,Yes
1060,No,2,2,Yes
1061,No,3,4,Yes
1063,No,3,3,Yes
1064,Yes,5,2,No
1065,Yes,1,1,Yes
1066,No,1,5,No
1067,Yes,1,1,No
1068,Yes,1,5,Yes
1069,No,3,3,No
1070,No,2,5,Yes
1071,No,5,5,Yes
1072,No,5,3,Yes
1073,No,2,1,Yes
1074,No,5,2,No
1075,No,1,2,Yes
1076,No,1,1,No
1077,No,5,3,No
1079,Yes,4,1,Yes
1080,No,1,4,Yes
1081,No,3,4,No
1082,Yes,5,4,No
1083,No,3,4,Yes
1084,No,2,3,No
1085,Yes,1,4,No
1086,No,2,1,No
1087,No,3,4,No
1088,Yes,3,4,No
1089,Yes,3,4,No
1090,Yes,1,5,No
1091,Yes,3,4,Yes
1092,No,4,4,No
1093,Yes,2,4,Yes
1094,No,4,3,No
1095,No,5,4,Yes
1096,No,5,3,Yes
1097,No,4,5,Yes
1098,No,1,5,Yes
1099,No,3,1,Yes
1100,No,5,2,Yes
1101,No,5,5,Yes
1102,No,3,3,Yes
1104,No,4,4,Yes
1105,No,2,3,No
1107,No,3,5,No
1108,No,4,3,Yes
1109,Yes,2,4,Yes
1111,Yes,4,2,Yes
1112,No,4,2,Yes
1113,No,1,5,Yes
1114,Yes,1,5,Yes
1115,No,4,1,Yes
1116,Yes,2,5,Yes
1117,No,4,3,No
1118,No,2,3,Yes
1119,No,2,2,Yes
1121,No,5,3,Yes
1122,No,4,5,No
1123,Yes,3,1,Yes
1124,No,5,4,Yes
1125,No,3,2,No
1126,No,3,2,No
1127,No,4,4,Yes
1128,No,5,4,Yes
1129,Yes,1,3,No
1130,No,3,1,Yes
1131,No,2,3,No
1132,No,3,2,Yes
1133,Yes,5,1,Yes
1134,Yes,4,3,No
1136,Yes,3,5,Yes
1137,No,4,3,No
1138,Yes,4,1,No
1139,No,3,2,Yes
1141,No,1,5,Yes
1142,Yes,2,5,Yes
1143,Yes,5,5,No
1144,Yes,4,5,Yes
1145,No,4,2,Yes
1146,No,1,2,Yes
1147,No,3,5,Yes
1149,Yes,1,2,Yes
1152,No,2,1,Yes
1153,No,5,5,Yes
1154,No,5,3,Yes
1155,Yes,1,5,Yes
1156,No,2,4,No
1157,Yes,4,4,Yes
1158,Yes,1,2,Yes
1159,No,3,2,Yes
1160,No,5,1,No
1161,Yes,1,5,Yes
1162,No,3,1,Yes
1163,No,3,4,Yes
1164,No,2,1,No
1165,Yes,2,3,No
1166,Yes,2,3,Yes
1167,No,1,2,Yes
1168,No,1,3,No
1170,Yes,1,1,No
1174,No,2,3,Yes
1175,No,3,1,Yes
1176,No,5,2,Yes
1177,No,4,3,Yes
1178,No,1,5,Yes
1179,Yes,5,2,Yes
1180,Yes,2,3,Yes
1181,Yes,1,2,Yes
1182,No,2,4,Yes
1184,No,3,3,Yes
1185,No,2,5,No
1186,No,2,5,Yes
1187,Yes,3,3,No
1188,No,4,3,No
1189,Yes,4,1,Yes
1190,No,1,4,Yes
1191,No,2,3,Yes
1192,Yes,3,2,No
1193,Yes,2,3,Yes
1196,No,5,1,Yes
1197,No,3,3,No
1199,No,2,3,No
1200,Yes,5,1,Yes
1201,No,4,2,No
1202,No,3,5,Yes
1203,No,1,5,No
1204,No,5,2,Yes
1205,Yes,5,5,No
1206,Yes,3,5,Yes
1207,No,3,5,No
1208,Yes,3,2,No
1209,No,3,5,No
1210,No,5,2,No
1211,No,2,1,Yes
1212,No,5,3,Yes
1213,No,4,5,Yes
1215,No,5,2,No
1216,Yes,5,5,Yes
1217,No,2,4,Yes
1218,Yes,3,2,Yes
1219,Yes,2,1,No
1221,No,1,4,Yes
1222,No,4,4,Yes
1223,Yes,2,2,Yes
1224,No,5,4,Yes
1225,Yes,2,5,No
1226,Yes,2,1,Yes
1227,Yes,5,3,Yes
1228,No,5,1,No
1229,Yes,5,4,Yes
1230,No,1,5,No
1231,Yes,3,2,Yes
1232,No,5,5,Yes
1233,No,1,4,No
1234,Yes,5,2,No
1236,No,3,3,No
1237,Yes,4,1,Yes
1238,No,5,1,Yes
1239,No,3,2,Yes
1240,No,5,1,No
1241,Yes,3,5,Yes
1242,Yes,3,1,Yes
1243,No,1,3,Yes
1245,Yes,2,5,Yes
1247,No,1,2,No
1248,No,3,3,Yes
1249,Yes,2,4,Yes
1250,No,2,1,Yes
1251,No,1,5,Yes
1252,No,5,5,Yes
1253,Yes,3,1,Yes
1254,No,2,2,Yes
1255,No,4,1,Yes
1256,Yes,3,4,No
1257,Yes,2,3,Yes
1258,No,4,2,Yes
1260,No,3,2,Yes
1261,No,5,4,Yes
1262,No,5,1,No
1263,No,2,5,Yes
1264,No,4,4,Yes
1265,No,1,5,Yes
1266,No,3,3,No
1267,No,2,5,Yes
1268,No,2,3,Yes
1269,Yes,5,3,Yes
1270,No,3,3,No
1271,Yes,5,5,Yes
1272,No,4,2,Yes
1273,Yes,1,1,No
1274,No,3,2,Yes
1275,No,2,3,Yes
1276,No,3,5,No
1277,Yes,5,4,Yes
1278,No,5,3,Yes
1279,No,5,5,Yes
1280,No,2,1,Yes
1281,No,3,5,Yes
1282,No,5,3,No
1283,Yes,2,1,Yes
1285,No,4,1,Yes
1286,Yes,3,5,Yes
1287,No,3,5,Yes
1288,Yes,3,3,Yes
1289,No,3,1,No
1290,No,5,5,No
1291,No,4,5,No
1293,Yes,2,3,No
1294,Yes,1,4,No
1295,No,5,4,Yes
1296,Yes,2,1,Yes
1299,Yes,4,4,Yes
1301,Yes,3,2,Yes
1302,No,4,2,Yes
1303,Yes,1,3,Yes
1304,No,3,5,No
1305,No,3,1,No
1306,No,1,4,No
1307,No,1,3,Yes
1308,Yes,3,3,Yes
1309,No,2,3,No
1310,Yes,5,3,No
1312,No,1,5,Yes
1313,No,4,1,Yes
1314,No,1,3,Yes
1315,Yes,1,1,No
1316,Yes,1,4,Yes
1317,Yes,4,1,Yes
1318,No,2,3,Yes
1319,No,3,1,No
1320,No,2,1,Yes
1321,No,5,3,Yes
1322,Yes,5,1,Yes
1324,Yes,2,1,Yes
1325,Yes,3,5,Yes
1326,No,5,2,Yes
1327,No,5,5,Yes
1328,No,4,4,Yes
1329,No,4,4,Yes
1330,No,5,1,Yes
1331,Yes,1,2,Yes
1332,No,2,5,Yes
1334,No,3,5,Yes
1335,No,5,4,Yes
1336,No,4,3,Yes
1337,No,2,4,No
1338,No,4,1,Yes
1339,No,5,1,Yes
1340,Yes,1,5,Yes
1342,No,1,4,No
1344,Yes,2,2,Yes
1347,Yes,3,4,No
1348,No,3,2,No
1349,No,3,1,Yes
1351,No,2,4,Yes
1352,No,1,1,No
1353,Yes,2,4,No
1354,No,1,1,Yes
1355,No,2,5,Yes
1358,Yes,3,3,No
1359,Yes,5,1,Yes
1360,No,2,1,No
1361,No,3,2,Yes
1362,No,4,4,Yes
1363,Yes,1,5,No
1364,No,4,1,Yes
1365,No,4,3,No
1366,Yes,2,1,No
1367,No,2,1,No
1368,Yes,2,2,Yes
1370,Yes,3,4,No
1372,No,1,5,Yes
1373,No,2,1,Yes
1374,Yes,4,2,Yes
1375,Yes,3,2,Yes
1376,Yes,2,5,No
1377,No,5,4,Yes
1378,No,4,4,Yes
1379,No,2,4,Yes
1380,No,2,2,No
1381,Yes,3,1,Yes
1382,Yes,3,1,Yes
1384,Yes,3,5,Yes
1385,No,2,1,No
1386,Yes,3,5,Yes
1387,No,5,1,Yes
1388,No,3,1,Yes
1389,No,3,3,Yes
1390,No,1,1,Yes
1391,No,1,5,Yes
1392,No,1,3,Yes
1393,Yes,3,3,No
1395,Yes,2,4,Yes
1396,Yes,4,3,Yes
1397,Yes,3,1,Yes
1398,No,3,2,No
1399,No,2,4,No
1400,No,1,4,Yes
1401,No,3,2,No
1402,No,2,4,Yes
1403,No,4,1,Yes
1404,No,2,5,Yes
1405,No,3,5,No
1406,No,5,3,Yes
1407,No,3,5,Yes
1408,No,5,1,No
1409,No,1,4,No
1410,No,5,1,Yes
1412,No,2,2,No
1413,Yes,3,1,Yes
1414,No,1,1,Yes
1415,Yes,5,3,Yes
1416,Yes,1,1,No
1417,No,2,1,Yes
1418,Yes,1,1,Yes
1419,No,5,4,Yes
1420,No,3,1,No
1421,No,2,4,No
1422,No,2,1,Yes
1424,Yes,3,3,No
1425,Yes,4,3,Yes
1427,Yes,3,1,Yes
1428,Yes,4,4,Yes
1429,No,3,1,Yes
1430,No,4,5,No
1431,No,2,3,Yes
1432,Yes,2,2,Yes
1433,No,5,2,Yes
1435,No,4,4,Yes
1437,No,2,4,Yes
1438,No,2,2,Yes
1439,No,4,3,No
1440,No,4,4,No
1441,Yes,3,4,No
1442,Yes,1,5,Yes
1443,Yes,4,2,Yes
1444,No,4,1,Yes
1445,No,3,1,No
1446,Yes,4,2,No
1447,Yes,3,3,Yes
1448,Yes,5,5,Yes
1449,Yes,4,5,Yes
1450,No,5,5,Yes
1451,No,3,5,Yes
1452,No,2,3,No
1453,Yes,4,4,No
1455,No,2,4,Yes
1456,Yes,4,4,No
1457,No,3,3,Yes
1458,Yes,2,3,Yes
1459,No,5,5,Yes
1460,Yes,5,2,Yes
1461,No,1,3,No
1462,No,1,4,Yes
1463,Yes,1,1,Yes
1464,No,3,1,Yes
1465,Yes,1,1,No
1466,No,5,3,Yes
1467,No,2,1,Yes
1468,No,5,3,Yes
1469,Yes,3,1,Yes
1470,No,4,4,Yes
1471,No,1,1,Yes
1472,Yes,1,3,Yes
1473,Yes,2,4,Yes
1474,Yes,1,2,Yes
1475,Yes,2,4,Yes
1476,No,4,5,Yes
1477,Yes,5,3,Yes
1478,No,5,4,Yes
1479,No,5,4,Yes
1480,No,3,5,Yes
1481,No,1,4,Yes
1482,Yes,3,3,No
1484,No,3,2,Yes
1485,Yes,5,3,No
1486,No,4,4,No
1487,Yes,4,2,Yes
1488,No,1,4,No
1489,No,4,5,No
1490,No,4,3,Yes
1491,No,1,5,Yes
1492,No,3,1,No
1493,No,1,1,Yes
1494,No,5,5,No
1496,Yes,5,5,Yes
1497,Yes,4,3,No
1498,Yes,2,4,Yes
1499,No,1,3,No
1500,No,2,3,Yes
1501,No,2,2,No
1502,No,1,3,Yes
1503,Yes,1,2,Yes
1504,No,3,4,Yes
1505,Yes,4,4,Yes
1506,Yes,2,4,Yes
1507,No,3,3,Yes
1508,No,4,3,No
1509,No,2,2,No
1510,Yes,2,1,Yes
1511,Yes,2,5,No
1512,No,2,5,Yes
1513,No,4,2,Yes
1514,No,1,1,No
1515,No,5,2,Yes
1516,No,5,2,Yes
1517,No,1,4,Yes
1518,No,1,5,No
1519,Yes,3,3,Yes
1520,No,4,5,Yes
1521,No,5,4,No
1522,No,3,1,Yes
1523,Yes,5,3,Yes
1524,No,3,4,No
1525,No,1,3,Yes
1526,No,3,2,No
1527,No,4,4,No
1528,No,4,4,Yes
1529,No,3,4,No
1530,No,1,4,Yes
1531,No,2,3,No
1533,No,5,1,No
1534,No,2,5,Yes
1536,No,2,3,No
1537,No,4,1,No
1538,No,3,4,No
1539,Yes,4,5,Yes
1540,Yes,5,2,Yes
1541,Yes,3,2,No
1542,No,4,4,Yes
1543,Yes,2,1,Yes
1544,No,3,4,Yes
1545,No,2,5,No
1546,Yes,3,4,Yes
1547,Yes,1,5,No
1548,No,5,3,No
1549,No,5,5,Yes
1550,No,5,4,Yes
1551,Yes,2,3,No
1552,No,5,2,No
1553,No,2,5,Yes
1554,No,5,1,No
1555,No,4,2,Yes
1556,No,2,4,Yes
1557,No,3,3,Yes
1558,No,4,5,Yes
1559,No,5,3,Yes
1560,No,4,5,Yes
1561,Yes,4,1,Yes
1562,Yes,3,2,No
1564,Yes,1,1,Yes
1565,No,1,1,Yes
1566,No,5,4,No
1567,No,5,5,No
1568,Yes,5,5,Yes
1569,No,5,1,No
1570,No,4,1,Yes
1571,Yes,5,1,No
1572,No,4,1,No
1573,Yes,4,1,No
1574,No,4,2,Yes
1575,No,4,2,No
1576,Yes,5,2,Yes
1577,Yes,1,2,Yes
1578,Yes,4,3,Yes
1580,No,3,2,Yes
1581,No,2,1,No
1582,No,4,4,Yes
1583,No,1,4,Yes
1584,No,3,4,No
1585,No,4,2,Yes
1587,No,3,2,Yes
1588,No,2,3,Yes
1589,No,3,5,Yes
1590,No,2,4,Yes
1591,No,1,3,No
1592,No,4,3,Yes
1593,No,2,3,No
1594,No,5,4,Yes
1595,No,2,5,No
1596,No,3,4,Yes
1598,Yes,5,2,Yes
1600,Yes,5,1,Yes
1601,No,1,5,No
1603,No,3,4,No
1604,Yes,3,5,No
1605,No,1,4,Yes
1606,No,5,3,No
1607,No,4,3,No
1608,Yes,1,5,Yes
1609,Yes,4,4,No
1610,No,3,3,Yes
1611,No,1,5,No
1612,No,5,3,Yes
1613,No,5,3,Yes
1614,Yes,3,5,Yes
1615,No,5,1,No
1616,No,5,3,No
1617,No,5,1,No
1618,Yes,4,3,Yes
1619,No,1,5,No
1620,Yes,5,1,No
1621,No,4,4,Yes
1622,No,5,2,Yes
1623,No,1,1,Yes
1624,No,3,1,No
1625,No,5,2,Yes
1626,No,2,5,Yes
1627,No,1,2,No
1628,Yes,5,3,Yes
1629,No,2,2,No
1630,Yes,4,5,No
1631,No,2,1,Yes
1633,No,2,2,Yes
1635,No,3,2,Yes
1636,No,2,1,Yes
1637,No,2,4,Yes
1638,No,5,4,No
1639,No,1,1,Yes
1640,No,1,2,Yes
1641,No,3,3,No
1642,No,5,1,No
1643,No,2,2,Yes
1644,No,5,2,No
1645,No,3,2,No
1647,No,1,2,Yes
1648,No,2,3,No
1649,No,5,3,Yes
1650,No,5,4,No
1651,No,2,5,Yes
1652,No,1,1,Yes
1653,No,1,4,No
1654,Yes,2,4,Yes
1655,No,1,5,No
1656,No,5,4,Yes
1657,Yes,3,3,Yes
1658,No,2,5,Yes
1659,No,2,2,No
1660,Yes,1,5,No
1661,Yes,3,1,Yes
1662,Yes,5,3,Yes
1663,No,5,2,No
1664,No,5,4,Yes
1665,No,3,4,Yes
1666,No,2,2,Yes
1667,Yes,5,4,Yes
1668,No,5,3,Yes
1669,Yes,4,4,Yes
1670,Yes,5,4,Yes
1672,No,4,5,Yes
1674,No,5,1,Yes
1675,No,3,5,No
1676,No,3,2,Yes
1677,No,3,3,Yes
1678,No,2,4,No
1679,Yes,5,3,Yes
1680,No,5,4,No
1682,No,5,4,Yes
1683,Yes,3,1,Yes
1684,No,5,5,No
1685,No,4,1,No
1686,No,1,5,Yes
1687,No,1,3,No
1688,No,2,1,Yes
1689,No,5,2,No
1690,Yes,5,5,Yes
1691,Yes,1,2,Yes
1692,No,2,1,No
1693,No,5,5,Yes
1694,No,5,2,No
1695,No,4,2,No
1696,Yes,2,5,No
1697,Yes,4,4,No
1699,Yes,3,2,Yes
1700,Yes,3,5,Yes
1701,No,1,5,Yes
1703,No,3,1,Yes
1706,Yes,5,4,No
1707,No,4,4,Yes
1708,No,4,1,Yes
1709,No,1,2,No
1710,No,1,2,No
1711,No,3,2,No
1712,Yes,5,3,Yes
1713,No,1,3,Yes
1714,No,5,1,No
1715,No,2,4,Yes
1716,Yes,1,3,Yes
1717,No,2,2,No
1718,No,4,2,No
1720,No,2,4,No
1721,Yes,1,3,Yes
1722,No,1,2,No
1723,No,2,5,Yes
1724,No,5,2,Yes
1725,Yes,1,1,No
1726,No,3,5,No
1727,No,1,4,No
1728,No,3,4,Yes
1729,Yes,3,5,Yes
1730,No,3,2,Yes
1731,No,5,3,No
1732,Yes,4,1,Yes
1734,Yes,3,4,No
1735,No,1,3,No
1736,No,5,3,No
1737,No,4,4,Yes
1738,Yes,4,2,Yes
1739,Yes,2,4,No
1741,Yes,4,5,No
1742,Yes,4,5,No
1743,Yes,1,3,Yes
1745,Yes,5,2,Yes
1747,No,5,3,Yes
1750,Yes,3,2,Yes
1752,No,3,3,No
1753,No,4,5,Yes
1754,No,5,4,No
1755,No,1,1,Yes
1756,No,4,3,Yes
1757,No,5,5,No
1758,No,1,2,Yes
1759,No,5,4,Yes
1760,Yes,5,1,Yes
1761,Yes,5,5,Yes
1762,No,3,1,No
1763,Yes,3,5,Yes
1764,Yes,1,2,Yes
1765,No,3,4,Yes
1766,No,3,3,Yes
1767,No,1,2,No
1768,No,5,1,No
1770,Yes,3,4,No
1772,Yes,2,5,Yes
1773,No,4,1,No
1774,Yes,3,4,No
1775,Yes,4,5,Yes
1776,Yes,5,5,Yes
1777,Yes,5,1,Yes
1778,No,5,4,No
1779,No,3,2,Yes
1780,No,5,1,No
1781,No,2,3,Yes
1782,No,2,1,Yes
1783,No,5,4,No
1784,No,1,1,Yes
1785,Yes,4,4,Yes
1786,Yes,3,2,Yes
1787,Yes,2,3,Yes
1788,No,3,3,Yes
1789,Yes,4,1,Yes
1790,Yes,3,4,Yes
1791,No,2,5,No
1792,No,3,3,Yes
1793,No,3,5,Yes
1794,Yes,1,3,No
1795,No,5,1,No
1796,Yes,1,4,No
1797,Yes,5,5,No
1798,No,1,2,Yes
1799,No,4,4,Yes
1801,No,3,3,Yes
1802,No,2,5,Yes
1803,No,5,1,No
1804,No,4,4,Yes
1805,No,3,5,Yes
1806,No,2,2,No
1807,No,3,5,No
1808,No,4,3,No
1809,No,4,1,Yes
1811,No,1,4,No
1812,No,1,2,No
1813,No,1,5,Yes
1814,No,4,5,Yes
1815,No,1,4,Yes
1816,No,3,4,Yes
1817,No,4,3,Yes
1818,Yes,4,5,Yes
1820,No,5,2,Yes
1821,Yes,1,2,Yes
1822,No,2,4,No
1823,Yes,1,5,Yes
1824,No,2,2,No
1825,No,1,5,No
1826,No,5,3,No
1827,No,4,1,No
1828,No,2,3,No
1830,Yes,5,4,No
1831,Yes,5,4,Yes
1832,Yes,1,5,No
1833,No,4,5,Yes
1834,No,2,2,Yes
1835,No,4,2,No
1837,No,5,3,No
1838,Yes,4,1,No
1839,Yes,2,4,Yes
1840,Yes,4,2,Yes
1841,Yes,1,2,Yes
1842,Yes,3,4,Yes
1843,No,5,2,Yes
1844,No,1,2,Yes
1845,No,5,2,No
1846,No,4,5,No
1847,No,1,3,Yes
1848,Yes,5,3,No
1849,No,3,4,No
1850,No,5,3,Yes
1852,Yes,5,2,No
1853,No,2,1,No
1854,No,1,5,Yes
1855,No,3,5,Yes
1857,No,5,2,No
1858,Yes,1,1,No
1859,No,3,1,No
1860,No,4,4,No
1861,Yes,3,5,No
1862,No,4,3,No
1865,No,5,2,No
1866,No,4,2,Yes
1867,No,1,5,Yes
1868,No,5,5,Yes
1869,Yes,5,2,Yes
1870,No,1,2,Yes
1871,No,4,5,No
1872,No,5,1,No
1873,No,2,3,Yes
1874,No,5,2,Yes
1875,Yes,2,2,Yes
1876,No,5,3,No
1879,No,1,5,Yes
1881,Yes,3,3,No
1882,No,3,4,No
1883,No,2,4,Yes
1884,No,2,1,Yes
1885,No,2,5,Yes
1886,No,2,5,No
1887,No,1,3,Yes
1889,No,3,5,No
1890,No,3,1,No
1891,No,4,3,Yes
1892,Yes,4,3,Yes
1893,Yes,2,5,Yes
1894,No,3,5,Yes
1895,No,2,2,Yes
1896,No,4,5,Yes
1897,No,1,1,Yes
1898,No,2,1,Yes
1899,No,5,3,No
1900,No,1,3,Yes
1901,Yes,1,3,Yes
1902,No,5,1,Yes
1903,No,2,5,Yes
1905,No,5,1,Yes
1906,No,5,5,Yes
1907,No,2,2,Yes
1908,No,1,3,Yes
1909,Yes,2,3,No
1910,Yes,5,4,No
1911,No,4,5,Yes
1912,No,4,3,No
1913,No,2,1,Yes
1914,Yes,4,3,Yes
1917,No,3,1,No
1919,No,4,1,Yes
1920,Yes,3,1,No
1921,No,3,3,Yes
1922,No,1,2,No
1923,Yes,4,5,Yes
1924,No,2,3,Yes
1925,Yes,4,5,No
1926,No,3,4,No
1927,No,2,4,Yes
1928,No,3,1,Yes
1929,No,5,3,Yes
1930,No,5,4,Yes
1931,Yes,4,2,Yes
1932,Yes,5,3,Yes
1933,No,4,1,No
1934,No,5,3,No
1935,No,4,3,No
1936,No,2,2,Yes
1937,No,4,5,No
1938,No,2,5,Yes
1939,Yes,3,2,Yes
1940,No,2,3,Yes
1941,No,3,3,No
1942,Yes,1,5,No
1943,No,5,4,Yes
1945,Yes,2,5,No
1946,Yes,3,3,Yes
1947,No,3,1,No
1948,Yes,1,2,Yes
1949,Yes,2,4,Yes
1950,Yes,5,2,Yes
1951,No,4,1,Yes
1952,No,3,3,Yes
1953,No,1,1,Yes
1955,Yes,1,2,Yes
1956,No,1,1,Yes
1957,No,3,1,Yes
1958,No,5,1,No
1959,No,4,3,No
1961,No,4,4,Yes
1962,No,5,5,Yes
1963,Yes,1,2,No
1964,Yes,2,1,Yes
1965,No,4,1,No
1966,No,5,2,Yes
1967,Yes,1,4,Yes
1968,No,1,3,Yes
1969,No,4,5,Yes
1970,Yes,5,4,No
1971,Yes,1,2,No
1972,Yes,1,5,Yes
1973,Yes,1,5,Yes
1974,Yes,4,5,Yes
1975,No,1,3,Yes
1976,No,4,5,Yes
1977,No,5,1,Yes
1978,No,3,5,Yes
1979,No,5,4,Yes
1980,No,3,3,No
1981,No,5,4,Yes
1983,Yes,3,2,Yes
1984,No,4,1,No
1985,No,4,2,Yes
1986,Yes,2,5,No
1987,Yes,3,3,Yes
1988,Yes,4,3,No
1989,Yes,1,3,No
1990,No,1,4,No
1991,Yes,1,2,Yes
1992,Yes,1,5,Yes
1993,No,1,3,Yes
1994,Yes,1,1,No
1995,No,3,3,Yes
1996,No,3,3,No
1997,No,3,2,Yes
1998,Yes,1,5,No
1999,Yes,2,4,Yes
2000,No,1,4,Yes
2001,No,4,2,Yes
2003,No,4,5,No
2004,No,2,1,Yes
2005,No,3,3,No
2006,No,2,1,No
2008,Yes,1,3,Yes
2010,Yes,4,2,Yes
2011,No,5,2,No
2012,No,5,3,Yes
2013,No,4,2,No
2014,No,5,3,Yes
2015,No,1,2,No
2016,No,2,4,Yes
2017,No,5,2,Yes
2018,Yes,3,1,Yes
2019,No,2,1,Yes
2020,No,3,3,Yes
2021,No,2,4,Yes
2022,No,1,4,Yes
2023,Yes,3,2,Yes
2024,No,4,3,Yes
2026,No,3,1,Yes
2027,No,3,2,No
2028,Yes,4,1,Yes
2029,No,4,5,No
2030,No,1,3,Yes
2031,No,3,4,Yes
2032,Yes,5,5,Yes
2033,Yes,3,5,No
2034,No,3,4,No
2035,No,1,5,No
2036,No,2,2,No
2037,No,2,2,Yes
2038,No,3,5,No
2042,No,1,4,Yes
2044,Yes,2,5,No
2045,Yes,5,4,No
2046,Yes,3,2,Yes
2047,No,5,4,Yes
2048,Yes,2,4,Yes
2049,No,4,2,Yes
2052,Yes,3,2,Yes
2053,No,4,1,Yes
2054,Yes,1,2,No
2057,No,5,3,Yes
2058,No,1,2,No
2059,No,3,3,Yes
2060,Yes,4,5,Yes
2061,Yes,2,1,Yes
2062,No,4,2,Yes
2063,No,4,4,Yes
2064,Yes,1,1,Yes
2065,No,5,2,Yes
2066,No,3,5,No
2067,No,1,3,Yes
2069,No,5,2,Yes
2071,No,2,4,Yes
2072,Yes,3,4,Yes
2073,No,2,2,No
2074,No,5,5,Yes
2075,Yes,5,2,No
2077,Yes,3,2,No
2078,Yes,4,5,Yes
2079,Yes,3,5,Yes
2080,No,2,5,No
2081,No,3,5,Yes
2082,No,4,3,Yes
2083,No,4,1,No
2084,No,5,1,Yes
2085,Yes,4,2,Yes
2086,Yes,4,5,Yes
2087,No,5,1,No
2088,Yes,2,4,Yes
2089,Yes,3,3,Yes
2090,No,3,4,No
2091,Yes,2,3,Yes
2092,Yes,2,5,Yes
2093,Yes,1,3,Yes
2094,No,2,3,Yes
2095,Yes,1,5,Yes
2096,No,1,4,Yes
2097,No,2,5,Yes
2098,Yes,4,2,Yes
2099,Yes,5,4,Yes
2100,No,5,5,Yes
2101,No,4,5,No
2102,No,5,4,Yes
2103,No,3,2,No
2104,No,4,4,Yes
2105,No,3,4,No
2106,Yes,3,2,Yes
2107,No,3,4,Yes
2108,No,4,1,Yes
2109,No,4,4,Yes
2110,No,3,4,Yes
2111,No,4,5,Yes
2112,No,2,1,Yes
2113,No,2,1,No
2114,Yes,3,4,Yes
2115,No,4,3,Yes
2116,Yes,1,5,Yes
2118,No,1,5,No
2119,No,3,2,Yes
2120,No,1,2,Yes
2122,No,3,5,Yes
2123,No,5,1,No
2124,Yes,2,3,Yes
2125,Yes,3,4,No
2126,No,1,4,Yes
2127,No,1,5,No
2128,No,1,3,Yes
2129,No,2,3,Yes
2131,No,2,3,Yes
2132,No,2,5,Yes
2133,No,1,1,Yes
2134,No,5,3,No
2135,No,3,3,No
2136,No,5,1,Yes
2137,No,2,1,Yes
2138,Yes,5,1,Yes
2139,Yes,1,5,Yes
2140,No,1,2,Yes
2142,No,5,3,Yes
2143,Yes,2,3,Yes
2144,Yes,3,1,Yes
2145,Yes,5,5,Yes
2146,No,3,1,Yes
2148,Yes,1,3,Yes
2149,No,3,5,Yes
2150,No,2,3,Yes
2151,Yes,1,3,Yes
2152,No,2,1,No
2153,No,3,2,Yes
2154,No,3,4,No
2155,No,5,1,Yes
2156,Yes,1,4,No
2157,No,4,2,Yes
2158,No,2,5,No
2159,No,2,2,No
2160,Yes,4,4,Yes
2161,No,2,2,No
2162,No,4,3,Yes
2163,No,1,5,No
2164,No,3,2,No
2165,Yes,1,5,Yes
2166,Yes,2,1,Yes
2167,No,2,3,Yes
2168,Yes,1,3,Yes
2169,No,5,1,No
2170,No,1,1,No
2171,No,5,3,No
2172,No,4,5,Yes
2173,No,4,2,Yes
2174,No,3,2,Yes
2175,No,1,5,No
2176,No,5,4,Yes
2177,Yes,4,4,Yes
2178,Yes,1,3,Yes
2179,Yes,2,4,Yes
2180,Yes,1,2,Yes
2181,No,4,2,Yes
2182,No,4,1,Yes
2183,No,1,1,Yes
2184,No,1,3,No
2185,No,3,1,Yes
2186,No,4,4,Yes
2187,No,2,4,No
2188,No,5,4,No
2189,Yes,3,5,No
2190,No,4,3,Yes
2191,Yes,1,2,Yes
2192,No,2,1,Yes
2193,Yes,4,2,No
2194,No,3,3,No
2195,No,4,2,Yes
2196,Yes,1,5,Yes
2197,No,5,5,Yes
2198,Yes,3,1,Yes
2199,No,1,2,Yes
2200,No,4,5,Yes
2201,No,5,4,Yes
2202,Yes,1,2,Yes
2203,No,3,3,No
2204,No,3,4,No
2206,No,4,2,No
2207,Yes,1,5,Yes
2208,Yes,4,2,Yes
2209,Yes,2,4,Yes
2210,Yes,3,5,Yes
2211,Yes,5,2,No
2212,Yes,5,2,Yes
2213,Yes,5,1,No
2214,No,4,5,Yes
2215,No,5,2,Yes
2216,No,4,5,No
2217,No,1,5,Yes
2218,No,5,3,Yes
2220,Yes,4,1,Yes
2221,Yes,3,1,No
2222,No,3,3,Yes
2223,No,4,1,Yes
2224,No,2,3,No
2225,Yes,2,3,Yes
2226,Yes,5,2,Yes
2227,Yes,2,2,No
2229,Yes,1,4,Yes
2230,Yes,2,1,No
2232,No,1,3,Yes
2233,No,1,5,No
2234,No,1,1,Yes
2235,No,2,3,Yes
2236,No,3,2,Yes
2237,Yes,2,5,Yes
2238,No,1,3,No
2239,No,5,1,Yes
2240,No,3,2,No
2241,Yes,5,4,Yes
2242,No,3,5,Yes
2243,No,3,5,No
2244,Yes,5,5,No
2245,No,3,3,Yes
2246,No,5,2,Yes
2247,No,5,5,No
2248,No,5,5,No
2249,No,3,5,No
2250,Yes,3,2,Yes
2251,No,5,5,Yes
2252,No,3,5,No
2253,No,4,3,Yes
2254,No,3,4,No
2255,No,1,3,Yes
2256,No,3,3,Yes
2257,No,1,3,No
2258,No,5,1,Yes
2259,No,4,2,Yes
2260,No,1,5,Yes
2261,No,3,3,No
2262,No,3,1,No
2264,No,1,4,No
2265,No,2,2,Yes
2266,No,4,4,No
2267,Yes,5,3,Yes
2268,No,2,3,Yes
2269,No,3,1,No
2270,Yes,3,2,Yes
2271,No,3,4,No
2272,Yes,1,4,Yes
2273,Yes,5,5,Yes
2275,Yes,5,4,Yes
2278,Yes,4,2,Yes
2279,No,4,3,No
2280,No,3,2,Yes
2281,No,4,3,No
2282,No,3,3,Yes
2283,No,3,3,Yes
2285,Yes,3,1,Yes
2286,Yes,2,3,Yes
2287,Yes,3,5,Yes
2288,No,5,2,No
2290,No,5,1,Yes
2291,No,3,2,Yes
2292,Yes,4,4,No
2294,Yes,1,1,Yes
2295,No,1,3,Yes
2296,No,1,4,Yes
2297,Yes,3,4,Yes
2298,No,1,5,No
2299,No,3,4,No
2300,No,1,1,Yes
2301,Yes,2,1,Yes
2302,No,1,1,Yes
2303,No,2,3,Yes
2305,No,2,4,No
2306,Yes,4,3,Yes
2307,No,1,4,No
2308,Yes,4,5,Yes
2309,No,3,4,No
2310,Yes,5,1,Yes
2311,No,1,4,Yes
2312,No,5,1,Yes
2313,Yes,4,2,No
2314,Yes,5,4,No
2315,No,2,4,Yes
2316,No,5,4,Yes
2317,No,1,5,No
2318,Yes,4,1,Yes
2319,No,1,4,No
2320,Yes,1,4,No
2321,No,2,1,Yes
2322,No,4,4,Yes
2323,No,2,4,Yes
2324,No,1,5,No
2325,No,5,5,No
2326,Yes,5,1,Yes
2327,Yes,5,3,Yes
2328,Yes,5,1,Yes
2329,Yes,1,5,Yes
2331,Yes,1,1,No
2333,Yes,2,5,No
2334,No,3,2,No
2335,No,4,1,No
2336,No,3,5,No
2337,Yes,5,5,No
2338,Yes,3,5,No
2339,No,3,3,Yes
2340,No,3,1,Yes
2341,No,2,3,Yes
2343,No,4,5,No
2344,No,3,3,No
2345,No,5,5,Yes
2346,No,4,3,Yes
2347,No,2,4,No
2348,No,5,1,No
2349,Yes,3,5,No
2350,No,4,2,Yes
2351,No,3,5,Yes
2352,No,3,1,Yes
2353,No,4,4,Yes
2354,Yes,5,1,Yes
2355,Yes,3,4,Yes
2356,No,1,1,Yes
2357,No,2,3,Yes
2358,No,5,4,No
2359,Yes,5,1,Yes
2360,No,5,1,No
2361,No,5,3,Yes
2362,No,4,1,No
2363,Yes,3,5,No
2364,No,3,4,No
2365,No,1,1,No
2366,No,3,2,Yes
2367,No,4,4,No
2368,No,2,2,No
2369,No,1,3,Yes
2370,No,5,3,Yes
2371,No,3,5,Yes
2373,Yes,5,3,No
2374,Yes,1,4,No
2375,No,1,1,Yes
2376,Yes,3,4,Yes
2377,No,1,4,No
2379,Yes,1,3,Yes
2380,No,2,3,Yes
2381,Yes,5,4,Yes
2382,Yes,1,5,Yes
2383,Yes,3,3,No
2384,No,1,1,No
2385,Yes,3,1,Yes
2386,No,5,2,No
2387,Yes,5,3,Yes
2388,No,3,1,No
2389,Yes,1,3,Yes
2390,No,1,4,No
2391,No,5,2,No
2392,Yes,1,4,Yes
2394,No,4,5,No
2395,Yes,4,3,No
2396,No,4,5,No
2397,No,3,4,Yes
2398,Yes,1,2,Yes
2399,Yes,1,2,Yes
2400,No,1,3,Yes
2401,No,2,2,Yes
2402,No,3,3,Yes
2403,Yes,2,4,Yes
2404,No,4,4,No
2405,Yes,2,2,Yes
2406,No,3,3,Yes
2407,No,5,4,No
2408,No,2,5,Yes
2409,No,4,3,Yes
2410,No,4,4,No
2411,No,4,3,Yes
2412,Yes,4,5,Yes
2413,No,5,4,No
2414,Yes,1,4,Yes
2415,No,2,4,No
2416,No,2,4,Yes
2417,No,5,3,No
2418,No,1,4,No
2419,No,1,3,Yes
2420,Yes,5,1,Yes
2421,Yes,1,2,Yes
2423,Yes,1,4,Yes
2424,No,4,2,No
2425,No,4,4,Yes
2426,No,3,5,Yes
2427,No,4,2,Yes
2428,No,4,3,No
2429,No,1,3,No
2430,No,5,5,Yes
2431,Yes,5,1,Yes
2432,No,3,5,No
2433,No,4,4,No
2434,No,3,2,Yes
2435,No,4,1,No
2436,Yes,1,4,Yes
2437,Yes,5,3,No
2438,Yes,2,1,Yes
2439,No,5,4,No
2440,Yes,4,1,Yes
2441,Yes,5,3,No
2442,No,3,1,No
2443,Yes,3,4,No
2444,No,5,2,No
2446,No,4,1,Yes
2447,No,2,1,Yes
2448,No,3,1,No
2449,Yes,2,3,Yes
2450,Yes,3,5,Yes
2451,Yes,2,4,Yes
2453,No,2,4,Yes
2454,No,3,3,No
2455,Yes,5,5,Yes
2456,No,2,3,No
2457,No,5,3,No
2460,Yes,1,5,Yes
2461,No,3,3,Yes
2462,No,1,1,Yes
2463,No,2,1,Yes
2464,No,1,2,No
2465,No,1,4,Yes
2466,No,3,5,Yes
2467,No,3,1,No
2468,No,5,4,No
2469,No,5,5,No
2470,Yes,3,2,Yes
2471,Yes,4,3,Yes
2472,No,5,1,No
2473,No,5,4,No
2474,No,1,1,No
2475,No,3,1,No
2476,Yes,1,1,Yes
2477,Yes,4,3,Yes
2478,No,2,3,Yes
2479,No,5,1,Yes
2481,No,4,1,No
2482,Yes,3,3,Yes
2484,No,4,3,Yes
2485,No,5,5,Yes
2486,Yes,5,2,Yes
2488,No,1,2,Yes
2489,Yes,2,4,Yes
2490,Yes,1,3,Yes
2491,No,5,5,Yes
2492,No,5,4,Yes
2493,No,5,3,No
2494,No,4,1,No
2495,No,5,3,No
2496,Yes,3,1,Yes
2497,Yes,1,3,Yes
2498,No,1,2,No
2500,Yes,2,5,Yes
2501,No,3,3,No
2502,No,3,3,No
2503,No,2,4,No
2504,Yes,5,4,Yes
2505,Yes,2,3,No
2506,No,1,5,No
2507,No,4,4,Yes
2508,No,4,1,No
2509,No,4,5,No
2510,Yes,3,3,Yes
2512,Yes,2,2,Yes
2513,No,5,1,No
2514,No,2,5,Yes
2515,Yes,4,2,Yes
2516,No,5,5,Yes
2517,No,2,4,Yes
2519,Yes,2,1,Yes
2520,No,4,2,Yes
2521,Yes,2,5,No
2522,No,5,3,Yes
2523,No,2,5,Yes
2524,No,4,2,No
2525,No,3,4,No
2526,Yes,5,1,Yes
2527,No,2,3,Yes
2529,No,3,4,Yes
2530,No,3,4,Yes
2531,Yes,4,4,Yes
2532,Yes,5,4,Yes
2533,No,2,1,No
2536,No,5,4,Yes
2537,Yes,3,3,Yes
2538,Yes,5,2,No
2539,Yes,1,1,Yes
2540,No,4,5,No
2541,Yes,4,4,Yes
2543,Yes,3,5,Yes
2544,No,4,5,Yes
2545,No,1,1,No
2546,No,5,2,Yes
2547,No,4,2,Yes
2548,No,1,2,Yes
2549,No,4,3,Yes
2550,No,3,5,Yes
2551,No,3,2,No
2552,No,3,5,Yes
2553,Yes,5,5,No
2554,No,4,4,No
2556,No,4,3,No
2557,No,1,2,No
2558,No,2,3,Yes
2559,Yes,5,1,Yes
2560,No,1,1,Yes
2561,Yes,1,1,No
2562,No,2,2,No
2563,No,5,5,Yes
2564,Yes,3,2,No
2565,Yes,1,4,Yes
2566,No,1,1,No
2568,No,4,1,Yes
2569,No,4,5,No
2570,Yes,5,4,Yes
2571,No,2,2,No
2572,No,4,2,Yes
2573,Yes,2,1,No
2575,No,5,4,Yes
2576,Yes,2,2,No
2577,No,4,1,Yes
2578,No,2,5,No
2579,Yes,3,3,Yes
2580,No,5,4,Yes
2581,Yes,4,5,Yes
2582,No,5,1,Yes
2583,No,2,4,Yes
2584,Yes,4,4,Yes
2585,Yes,5,3,No
2586,No,5,2,Yes
2587,No,4,5,Yes
2588,Yes,1,4,Yes
2589,No,2,3,Yes
2590,Yes,3,2,Yes
2593,No,2,3,Yes
2594,No,4,4,Yes
2595,No,1,4,No
2596,No,1,4,Yes
2597,Yes,2,3,Yes
2598,No,1,4,Yes
2599,No,2,4,No
2600,No,5,3,No
2601,No,4,4,Yes
2603,No,1,5,No
2604,Yes,3,2,Yes
2605,No,1,2,No
2606,No,4,5,No
2607,No,5,3,Yes
2608,Yes,5,1,Yes
2609,No,5,1,Yes
2610,No,2,4,Yes
2611,No,4,4,Yes
2612,Yes,5,3,Yes
2613,Yes,4,3,No
2614,No,2,5,Yes
2616,No,4,1,Yes
2617,No,1,5,No
2618,No,5,2,No
2619,Yes,5,5,Yes
2620,No,2,1,Yes
2621,No,2,1,No
2622,No,1,1,No
2623,No,2,3,Yes
2624,No,5,4,Yes
2625,No,2,2,Yes
2626,No,5,2,Yes
2627,Yes,2,5,No
2628,No,1,4,Yes
2629,Yes,4,4,Yes
2630,No,4,1,No
2631,No,2,1,No
2632,No,2,4,Yes
2633,No,3,3,Yes
2634,No,1,1,Yes
2635,No,5,5,No
2636,No,1,2,Yes
2637,No,3,2,No
2638,Yes,5,1,Yes
2639,No,1,5,Yes
2640,Yes,3,5,Yes
2642,No,4,1,Yes
2643,Yes,3,2,Yes
2644,No,2,2,Yes
2645,Yes,2,4,Yes
2646,Yes,4,4,Yes
2647,Yes,4,3,Yes
2649,No,5,2,No
2650,Yes,2,5,No
2651,No,3,3,No
2652,Yes,1,5,Yes
2654,No,5,4,Yes
2655,Yes,3,4,Yes
2656,Yes,5,1,Yes
2658,Yes,1,1,No
2659,No,1,5,Yes
2660,No,1,4,No
2661,No,1,3,No
2662,No,4,2,Yes
2664,No,1,5,Yes
2665,Yes,4,2,No
2666,Yes,5,1,Yes
2667,No,1,3,Yes
2668,No,2,2,Yes
2669,No,2,4,No
2670,No,4,3,No
2671,No,1,3,Yes
2673,Yes,3,1,Yes
2674,Yes,2,4,No
2675,No,2,5,No
2676,No,2,5,Yes
2677,Yes,3,1,Yes
2678,Yes,4,2,Yes
2679,Yes,2,5,Yes
2680,Yes,1,5,Yes
2681,No,4,5,No
2682,No,3,2,Yes
2684,Yes,1,4,No
2685,Yes,5,2,Yes
2686,No,1,1,Yes
2689,No,5,4,Yes
2690,Yes,4,5,No
2691,Yes,5,1,Yes
2692,No,4,2,Yes
2693,Yes,3,4,Yes
2694,No,3,4,Yes
2696,No,5,4,Yes
2697,Yes,2,3,Yes
2698,No,5,3,No
2699,No,2,4,Yes
2700,No,5,5,Yes
2701,Yes,3,4,No
2703,No,4,3,Yes
2706,No,2,5,Yes
2708,No,1,4,Yes
2709,No,2,2,No
2710,No,2,4,Yes
2711,No,3,1,Yes
2712,Yes,1,3,Yes
2713,No,2,4,Yes
2714,Yes,2,2,Yes
2715,No,1,1,Yes
2716,Yes,1,5,Yes
2717,No,1,5,Yes
2718,No,3,5,Yes
2720,No,3,3,Yes
2721,Yes,2,4,No
2722,No,3,2,Yes
2723,No,3,3,Yes
2724,Yes,1,3,Yes
2725,No,3,1,Yes
2726,No,5,2,Yes
2727,Yes,5,5,Yes
2728,Yes,2,3,Yes
2729,Yes,1,5,No
2730,No,4,2,No
2731,No,2,5,Yes
2732,No,5,3,Yes
2733,Yes,4,5,Yes
2734,No,4,2,Yes
2735,No,3,4,No
2736,No,1,3,Yes
2737,Yes,5,5,No
2738,No,1,4,No
2739,No,3,4,Yes
2740,No,1,1,Yes
2741,Yes,2,2,Yes
2742,Yes,1,2,Yes
2743,No,5,1,Yes
2744,Yes,5,5,No
2745,No,3,4,No
2746,No,2,5,No
2748,No,2,4,No
2749,Yes,1,2,Yes
2750,Yes,3,5,Yes
2751,No,3,2,No
2752,No,4,2,No
2753,No,3,4,No
2754,No,3,4,Yes
2755,Yes,3,4,Yes
2757,No,5,3,No
2758,Yes,5,4,Yes
2759,No,3,5,Yes
2760,Yes,2,4,Yes
2761,No,2,5,Yes
2762,No,5,1,No
2763,No,1,2,Yes
2764,No,4,5,Yes
2765,No,4,3,No
2767,Yes,2,2,Yes
2768,No,2,3,Yes
2769,Yes,5,1,Yes
2770,No,5,1,Yes
2771,No,3,3,No
2773,No,1,2,No
2774,Yes,4,5,Yes
2775,No,1,4,No
2776,Yes,2,2,No
2777,No,2,3,No
2779,No,2,1,No
2780,No,2,2,No
2781,No,3,2,Yes
2782,Yes,3,5,Yes
2783,No,4,1,No
2784,Yes,1,5,Yes
2785,No,5,5,Yes
2786,No,4,1,Yes
2787,No,4,2,Yes
2788,No,3,2,No
2789,No,1,4,Yes
2790,Yes,5,3,Yes
2791,No,2,2,Yes
2792,No,1,1,No
2793,No,2,4,Yes
2794,No,1,1,Yes
2795,No,2,3,No
2796,No,4,4,No
2797,No,5,1,No
2798,No,2,5,Yes
2799,Yes,1,4,Yes
2800,No,5,1,No
2801,Yes,5,1,No
2802,No,2,1,Yes
2804,No,3,3,Yes
2805,No,2,3,Yes
2807,No,3,5,Yes
2808,No,3,2,No
2809,No,5,2,No
2810,No,4,5,No
2811,No,1,2,Yes
2812,Yes,4,5,Yes
2813,No,4,2,Yes
2814,No,2,2,Yes
2816,No,1,2,Yes
2817,No,1,5,No
2818,No,1,3,Yes
2819,No,4,5,Yes
2820,Yes,2,2,Yes
2821,Yes,2,3,No
2822,No,3,2,Yes
2823,No,3,2,Yes
2824,Yes,4,2,Yes
2825,No,4,1,Yes
2827,Yes,1,3,Yes
2829,No,1,3,Yes
2830,No,4,4,Yes
2831,No,5,3,Yes
2832,No,5,2,Yes
2835,Yes,2,4,Yes
2836,No,4,1,Yes
2837,No,1,2,Yes
2838,No,2,4,No
2839,No,1,2,Yes
2841,No,5,2,Yes
2842,Yes,3,2,No
2845,No,3,2,No
2846,No,2,4,No
2847,No,3,2,No
2848,No,5,1,Yes
2849,No,3,4,No
2850,No,4,4,Yes
2851,Yes,1,2,Yes
2852,Yes,3,2,Yes
2853,No,2,2,No
2854,Yes,4,3,Yes
2855,Yes,5,1,Yes
2856,No,3,2,Yes
2857,No,3,3,Yes
2858,No,4,5,No
2859,Yes,2,2,No
2860,No,4,2,No
2861,Yes,2,3,No
2862,No,4,2,Yes
2863,Yes,3,5,Yes
2864,No,5,2,Yes
2866,No,5,5,No
2867,Yes,5,2,Yes
2869,No,3,1,Yes
2870,No,5,1,Yes
2871,No,1,4,Yes
2872,No,2,1,No
2873,Yes,4,1,Yes
2874,Yes,2,5,No
2875,No,3,5,No
2876,Yes,1,4,No
2877,Yes,4,4,Yes
2878,Yes,3,4,Yes
2879,No,1,4,Yes
2880,No,3,3,No
2881,No,1,5,Yes
2882,No,5,1,Yes
2883,Yes,4,1,No
2884,No,4,2,No
2885,No,3,1,No
2886,Yes,1,4,Yes
2887,Yes,3,1,Yes
2888,No,1,4,No
2889,No,1,1,No
2890,No,1,3,Yes
2891,No,5,2,No
2892,No,5,1,Yes
2893,No,5,3,Yes
2894,No,2,4,Yes
2895,No,5,5,Yes
2896,Yes,5,2,Yes
2897,Yes,2,1,Yes
2898,No,5,1,Yes
2899,No,1,2,Yes
2900,No,4,1,Yes
2902,No,5,4,No
2904,No,2,1,Yes
2906,No,2,3,Yes
2907,No,5,1,Yes
2908,No,5,4,No
2909,Yes,3,5,Yes
2910,No,5,5,No
2911,Yes,1,3,Yes
2913,No,2,3,Yes
2914,Yes,2,2,Yes
2915,Yes,5,5,Yes
2916,Yes,4,4,Yes
2917,No,2,2,No
2921,Yes,2,3,No
2922,Yes,5,2,Yes
2923,No,5,3,Yes
2924,No,4,5,Yes
2926,Yes,3,2,Yes
2927,Yes,2,5,Yes
2928,No,4,4,Yes
2930,No,5,5,No
2931,No,3,5,No
2932,No,4,4,Yes
2933,No,4,1,Yes
2934,No,5,5,No
2935,Yes,3,4,Yes
2937,Yes,1,2,Yes
2939,No,3,2,Yes
2940,Yes,2,1,No
2941,No,3,3,No
2942,No,5,3,Yes
2943,Yes,4,4,Yes
2945,No,2,5,No
2946,No,3,4,No
2947,Yes,4,1,Yes
2949,No,5,2,Yes
2950,Yes,2,3,No
2951,No,3,4,Yes
2952,No,3,4,No
2953,No,5,3,Yes
2954,No,2,4,No
2955,No,1,5,Yes
2956,No,5,2,Yes
2957,No,5,5,Yes
2958,No,4,3,Yes
2959,No,5,4,Yes
2960,Yes,3,4,No
2961,No,1,4,Yes
2962,No,1,2,No
2963,No,2,5,Yes
2964,No,1,3,Yes
2966,No,4,2,Yes
2967,No,4,2,No
2969,No,1,5,Yes
2970,No,5,2,Yes
2971,No,3,4,No
2972,No,4,1,No
2973,Yes,5,3,Yes
2974,No,1,1,Yes
2975,Yes,3,2,No
2976,No,4,3,No
2978,No,2,2,No
2979,No,5,1,No
2980,Yes,4,2,Yes
2981,No,4,5,No
2982,Yes,4,4,Yes
2983,No,4,3,No
2984,No,2,5,Yes
2985,No,3,4,Yes
2986,No,2,5,Yes
2987,No,1,4,No
2988,No,5,5,Yes
2989,No,2,4,Yes
2991,No,1,5,No
2992,No,3,4,Yes
2993,No,3,2,No
2994,No,3,5,No
2995,Yes,2,3,Yes
2997,No,1,4,Yes
2998,No,5,5,No
2999,No,4,5,Yes
3001,Yes,3,4,Yes
3002,Yes,3,5,Yes
3003,No,5,4,No
3004,No,2,3,Yes
3005,No,3,2,Yes
3006,Yes,1,5,Yes
3007,No,5,2,No
3008,No,4,2,Yes
3009,Yes,3,2,No
3010,No,2,3,No
3011,No,2,1,No
3012,Yes,2,1,Yes
3013,Yes,5,5,Yes
3015,Yes,1,1,Yes
3016,No,3,1,No
3017,No,3,1,Yes
3018,Yes,3,2,Yes
3019,No,1,1,Yes
3020,No,2,5,Yes
3021,Yes,2,4,Yes
3022,No,4,5,Yes
3023,No,1,5,Yes
3024,Yes,1,3,Yes
3025,No,4,2,Yes
3026,No,3,2,No
3027,No,5,2,No
3028,No,5,3,Yes
3029,Yes,4,5,Yes
3031,Yes,3,5,Yes
3032,No,4,2,No
3033,No,5,2,No
3034,Yes,4,1,Yes
3037,Yes,1,2,No
3038,No,5,3,Yes
3039,Yes,1,4,No
3040,No,4,4,Yes
3041,No,5,2,No
3043,Yes,4,3,Yes
3044,No,2,5,Yes
3045,No,2,4,No
3046,Yes,1,1,Yes
3047,Yes,5,2,Yes
3048,Yes,5,1,Yes
3049,No,3,5,Yes
3050,No,3,2,Yes
3051,Yes,1,4,Yes
3053,No,2,2,Yes
3054,No,5,4,No
3055,Yes,4,5,No
3056,Yes,1,5,Yes
3057,No,1,1,No
3058,No,4,5,No
3059,No,4,3,No
3060,No,2,3,Yes
3061,Yes,1,2,Yes
3062,No,1,2,Yes
3063,No,5,3,No
3064,Yes,3,1,Yes
3065,No,1,3,No
3066,No,1,5,Yes
3067,No,5,1,Yes
3068,No,4,1,Yes
3069,No,2,5,Yes
3070,No,3,1,Yes
3071,No,5,1,Yes
3072,No,2,3,Yes
3073,Yes,5,1,No
3074,Yes,3,3,Yes
3075,No,5,5,Yes
3076,No,3,4,Yes
3077,No,1,2,Yes
3078,No,4,3,Yes
3080,No,1,5,Yes
3081,No,3,1,No
3082,No,2,5,No
3083,No,3,3,Yes
3084,No,1,3,Yes
3085,No,2,2,No
3086,Yes,1,3,No
3087,Yes,5,5,Yes
3088,Yes,2,5,No
3089,No,4,2,Yes
3090,No,1,4,No
3091,No,3,2,No
3092,No,1,3,Yes
3093,No,5,2,Yes
3094,Yes,1,2,Yes
3095,No,3,3,Yes
3096,Yes,5,3,Yes
3098,Yes,4,2,Yes
3099,No,5,4,Yes
3100,No,4,5,No
3101,Yes,5,3,Yes
3103,No,5,2,Yes
3104,No,5,2,No
3105,No,3,4,Yes
3106,No,2,4,Yes
3107,No,5,5,Yes
3108,No,2,2,No
3111,No,3,2,No
3112,No,4,4,Yes
3113,Yes,2,3,Yes
3114,No,3,4,No
3115,No,2,4,No
3116,Yes,5,4,Yes
3117,Yes,1,1,Yes
3118,Yes,5,2,Yes
3119,No,5,3,No
3120,No,1,5,Yes
3121,Yes,1,2,Yes
3122,Yes,4,1,Yes
3123,No,1,4,Yes
3124,No,1,2,No
3126,No,4,5,No
3127,Yes,5,3,Yes
3128,No,4,5,Yes
3129,No,4,3,Yes
3130,No,2,4,Yes
3132,No,5,1,Yes
3133,No,5,4,No
3134,No,2,5,Yes
3135,No,3,5,No
3136,Yes,3,4,No
3137,No,2,3,Yes
3138,Yes,3,1,Yes
3139,Yes,3,5,No
3140,No,4,5,Yes
3141,No,5,3,Yes
3142,Yes,4,2,Yes
3143,Yes,4,5,Yes
3144,Yes,1,5,Yes
3145,Yes,4,5,No
3146,No,5,4,Yes
3147,No,2,2,Yes
3149,No,5,2,No
3150,No,5,4,Yes
3151,Yes,4,1,No
3152,No,3,5,No
3153,No,3,4,Yes
3154,No,5,5,Yes
3155,No,4,3,No
3157,Yes,3,4,Yes
3158,No,4,2,Yes
3159,No,4,5,Yes
3160,No,1,2,Yes
3161,No,4,2,No
3162,No,1,5,Yes
3163,Yes,5,4,Yes
3164,No,3,3,No
3165,No,5,3,Yes
3166,No,1,5,No
3167,No,1,1,Yes
3168,Yes,5,1,Yes
3169,No,1,1,No
3170,No,2,4,Yes
3171,No,1,5,No
3172,Yes,5,1,Yes
3173,No,5,5,Yes
3174,Yes,5,3,Yes
3175,No,3,2,Yes
3176,No,1,4,Yes
3178,No,1,3,Yes
3179,No,5,2,Yes
3180,Yes,4,5,No
3181,No,1,1,Yes
3182,Yes,2,2,No
3183,Yes,5,5,No
3184,No,2,3,No
3185,No,5,3,No
3186,No,3,1,Yes
3187,Yes,2,3,No
3188,Yes,3,5,Yes
3189,No,3,2,Yes
3190,Yes,4,1,Yes
3191,No,1,1,Yes
3192,No,3,1,Yes
3193,Yes,2,5,No
3194,No,2,4,Yes
3195,No,2,4,No
3196,Yes,4,1,Yes
3197,Yes,1,5,No
3198,Yes,2,2,Yes
3199,No,1,5,Yes
3200,No,5,3,Yes
3201,No,3,3,No
3202,No,5,5,Yes
3204,Yes,3,3,Yes
3205,No,4,1,Yes
3206,No,5,3,Yes
3208,No,4,4,Yes
3209,No,1,3,Yes
3210,Yes,4,1,No
3212,Yes,3,5,No
3213,No,3,2,No
3215,No,2,5,Yes
3216,Yes,5,1,Yes
3218,Yes,1,1,Yes
3219,No,2,1,No
3220,No,1,3,Yes
3221,No,5,3,No
3222,No,4,5,Yes
3223,No,1,3,Yes
3224,No,2,5,No
3225,No,3,4,Yes
3226,No,5,5,Yes
3227,Yes,5,5,No
3228,No,5,1,No
3229,No,1,4,No
3230,No,1,4,Yes
3231,Yes,3,4,Yes
3232,Yes,1,2,Yes
3233,No,4,1,Yes
3234,Yes,1,5,Yes
3235,No,3,4,Yes
3236,Yes,3,3,Yes
3237,No,3,2,No
3238,No,2,1,Yes
3239,No,3,4,No
3240,No,3,2,Yes
3241,Yes,4,4,Yes
3242,No,5,3,No
3243,Yes,4,4,Yes
3244,No,2,4,Yes
3245,No,4,3,Yes
3246,Yes,3,2,Yes
3247,No,5,5,Yes
3248,Yes,5,1,Yes
3249,No,4,5,Yes
3250,Yes,1,3,Yes
3251,No,2,2,Yes
3252,No,1,3,No
3254,Yes,2,4,Yes
3255,No,4,3,Yes
3256,No,3,2,Yes
3257,No,4,5,No
3258,No,5,4,Yes
3259,No,5,1,Yes
3260,Yes,2,4,Yes
3261,No,2,2,Yes
3262,No,2,1,Yes
3263,No,4,4,Yes
3264,No,3,2,No
3265,Yes,1,5,Yes
3266,No,5,1,Yes
3267,No,1,3,No
3268,No,5,2,No
3269,Yes,3,5,No
3270,No,5,3,No
3271,No,5,4,No
3272,No,1,4,No
3273,Yes,4,1,Yes
3274,No,3,2,No
3275,Yes,4,5,No
3276,No,1,1,Yes
3277,Yes,5,4,No
3278,No,5,4,Yes
3280,Yes,5,4,Yes
3281,No,1,5,Yes
3282,Yes,3,5,Yes
3283,No,4,5,Yes
3284,Yes,3,5,No
3285,No,3,4,Yes
3286,No,3,1,Yes
3287,No,4,5,No
3288,No,1,2,Yes
3289,No,3,3,Yes
3290,Yes,5,1,No
3291,No,1,1,Yes
3292,Yes,5,3,Yes
3293,No,2,2,No
3294,No,5,2,Yes
3295,Yes,1,3,Yes
3296,Yes,4,3,Yes
3297,Yes,1,1,Yes
3298,No,1,1,No
3299,No,5,1,No
3300,No,1,2,Yes
3301,Yes,1,2,Yes
3302,No,2,4,Yes
3303,No,2,1,Yes
3305,No,5,5,Yes
3306,No,5,2,Yes
3307,Yes,5,4,Yes
3308,Yes,4,2,Yes
3309,No,4,2,Yes
3311,Yes,5,3,Yes
3312,No,4,3,Yes
3313,No,5,3,No
3314,Yes,5,4,Yes
3315,No,4,5,Yes
3316,No,1,5,Yes
3318,No,2,3,Yes
3319,No,3,1,No
3320,No,2,5,No
3321,Yes,1,3,No
3322,No,5,1,No
3323,Yes,5,4,Yes
3324,Yes,1,4,No
3325,No,4,4,Yes
3326,No,2,3,No
3327,No,5,5,Yes
3328,No,3,1,Yes
3329,No,2,3,Yes
3330,No,2,3,Yes
3331,No,5,1,Yes
3332,No,2,1,Yes
3333,Yes,2,4,Yes
3334,No,4,4,No
3337,No,2,3,Yes
3338,Yes,1,1,Yes
3339,No,2,5,Yes
3340,No,5,2,No
3341,No,4,3,Yes
3343,No,3,5,Yes
3344,No,1,3,Yes
3345,No,2,4,No
3346,No,5,3,Yes
3347,No,4,2,No
3348,No,3,4,No
3349,No,5,3,Yes
3351,Yes,4,4,Yes
3352,No,4,3,No
3353,No,1,4,Yes
3354,No,2,4,Yes
3355,No,2,3,Yes
3356,No,5,1,Yes
3357,No,2,3,Yes
3358,Yes,5,2,Yes
3359,No,4,2,No
3360,No,2,2,No
3361,Yes,3,2,Yes
3362,Yes,3,1,Yes
3363,Yes,5,4,Yes
3364,No,5,4,No
3365,No,3,5,No
3366,No,4,3,Yes
3368,Yes,5,2,No
3369,Yes,1,5,No
3370,No,3,3,Yes
3371,No,3,3,No
3372,No,1,3,Yes
3373,Yes,4,2,Yes
3374,No,4,5,No
3375,No,3,3,Yes
3376,No,5,3,Yes
3377,Yes,3,4,No
3378,No,3,3,Yes
3379,No,3,2,Yes
3380,No,3,3,Yes
3382,Yes,1,2,No
3383,No,4,2,Yes
3384,No,3,4,No
3385,No,1,2,No
3386,Yes,4,2,Yes
3388,No,2,4,Yes
3389,Yes,1,4,No
3390,Yes,2,5,No
3391,No,2,2,No
3392,No,3,4,Yes
3393,No,2,3,Yes
3394,Yes,4,3,No
3395,No,2,1,No
3396,No,1,1,Yes
3397,Yes,2,5,No
3398,No,3,5,Yes
3399,No,3,1,Yes
3400,No,4,3,Yes
3401,No,4,4,Yes
3402,No,2,2,No
3404,No,5,4,Yes
3405,No,4,1,No
3407,No,1,5,Yes
3409,Yes,2,5,Yes
3410,No,2,1,No
3411,Yes,1,1,Yes
3412,Yes,2,2,No
3413,Yes,4,2,No
3414,No,4,3,No
3415,No,4,4,Yes
3416,No,4,1,Yes
3417,Yes,1,4,Yes
3418,No,3,1,No
3419,No,5,5,Yes
3420,No,3,5,Yes
3421,No,2,5,No
3422,No,3,2,Yes
3424,No,4,3,No
3425,Yes,4,5,Yes
3426,Yes,3,1,No
3428,No,2,2,Yes
3429,No,5,1,Yes
3430,No,3,2,Yes
3431,No,5,3,No
3432,Yes,1,2,Yes
3433,No,5,2,Yes
3434,No,2,1,Yes
3435,No,2,1,Yes
3436,Yes,2,1,No
3437,Yes,1,4,Yes
3438,No,4,4,No
3439,No,2,2,Yes
3440,No,5,5,Yes
3441,No,4,4,No
3442,No,5,2,No
3443,Yes,2,3,No
3444,Yes,3,5,Yes
3445,No,2,2,Yes
3446,No,2,4,No
3447,No,5,3,No
3448,No,2,1,Yes
3449,Yes,2,3,Yes
3450,No,1,3,Yes
3451,No,2,1,No
3452,No,3,2,No
3453,No,4,3,Yes
3454,No,3,5,Yes
3456,No,2,3,Yes
3458,No,3,5,Yes
3459,No,5,5,No
3460,Yes,2,2,Yes
3461,Yes,4,1,No
3462,No,5,5,No
3463,No,5,2,Yes
3464,No,4,5,No
3465,Yes,2,2,Yes
3467,Yes,5,4,No
3468,Yes,2,2,Yes
3471,No,4,1,No
3472,No,3,3,Yes
3473,No,4,4,Yes
3474,No,4,4,Yes
3475,Yes,2,1,No
3476,No,5,5,Yes
3477,Yes,4,2,Yes
3478,No,2,5,No
3479,No,1,4,Yes
3480,No,5,4,No
3481,No,5,3,No
3482,Yes,4,2,Yes
3483,Yes,1,2,Yes
3484,No,2,2,Yes
3485,No,1,5,Yes
3486,No,4,5,Yes
3488,No,5,3,Yes
3489,No,2,3,No
3490,Yes,3,4,Yes
3491,No,3,1,Yes
3492,Yes,3,3,Yes
3493,No,5,4,Yes
3494,Yes,1,2,Yes
3495,No,3,4,Yes
3496,No,3,4,No
3497,No,1,1,Yes
3498,No,1,1,Yes
3499,No,1,1,No
3500,No,4,5,Yes
3501,No,2,2,No
3502,Yes,4,1,Yes
3503,Yes,3,5,No
3505,No,1,1,Yes
3506,Yes,2,5,No
3507,No,2,4,No
3508,Yes,1,3,Yes
3509,No,2,3,Yes
3510,Yes,1,2,Yes
3511,No,5,2,Yes
3512,No,1,2,No
3513,No,1,3,No
3514,No,1,2,No
3515,Yes,5,4,Yes
3516,No,2,5,No
3518,No,3,4,Yes
3519,No,2,4,Yes
3520,No,2,4,Yes
3521,Yes,5,3,Yes
3522,Yes,2,3,Yes
3523,Yes,1,1,No
3524,Yes,2,4,No
3525,No,2,2,Yes
3526,Yes,2,1,Yes
3527,No,4,3,Yes
3528,Yes,1,1,Yes
3529,No,4,5,Yes
3530,Yes,5,3,No
3531,Yes,3,1,No
3533,No,1,5,Yes
3534,No,2,3,Yes
3535,No,4,3,Yes
3536,No,5,2,Yes
3537,Yes,4,1,Yes
3538,No,2,4,Yes
3539,No,3,5,Yes
3540,No,4,3,No
3541,Yes,5,1,No
3543,No,3,2,Yes
3544,No,2,2,Yes
3545,No,4,3,Yes
3546,No,2,1,No
3547,No,2,5,Yes
3548,Yes,3,2,No
3549,No,5,4,Yes
3550,Yes,5,4,Yes
3551,Yes,5,5,Yes
3552,No,1,5,No
3553,No,1,2,Yes
3554,Yes,3,3,Yes
3555,Yes,4,4,No
3556,No,4,4,No
3557,No,2,3,No
3558,No,1,5,Yes
3559,No,4,5,Yes
3560,No,1,1,No
3561,No,2,1,Yes
3562,No,1,2,Yes
3563,Yes,3,4,Yes
3564,No,4,3,Yes
3565,No,5,4,No
3566,No,2,2,Yes
3567,No,5,2,No
3568,No,4,4,No
3569,Yes,4,1,Yes
3570,No,4,3,Yes
3571,No,4,5,Yes
3572,No,1,5,Yes
3574,No,1,3,Yes
3575,No,5,4,No
3576,No,1,1,Yes
3577,Yes,4,1,Yes
3579,No,1,2,No
3580,No,2,5,No
3581,Yes,3,1,Yes
3582,No,3,4,Yes
3583,No,2,2,No
3584,Yes,4,5,Yes
3585,No,5,5,No
3586,No,2,1,No
3587,No,1,2,Yes
3588,No,5,4,No
3590,No,1,3,Yes
3591,No,1,4,Yes
3592,No,5,4,Yes
3593,No,3,1,No
3594,Yes,2,5,No
3596,No,2,4,Yes
3597,Yes,1,3,No
3598,No,3,4,Yes
3599,No,3,1,No
3600,No,1,2,Yes
3601,No,3,1,Yes
3602,No,4,2,No
3603,No,1,4,Yes
3605,Yes,2,4,Yes
3606,No,1,1,No
3607,No,5,4,Yes
3608,No,4,1,No
3609,No,3,2,Yes
3610,No,1,2,Yes
3611,No,2,5,Yes
3612,Yes,1,2,Yes
3613,No,2,4,No
3614,Yes,4,3,No
3615,No,4,3,Yes
3616,No,5,4,Yes
3617,No,1,1,No
3618,No,1,2,No
3619,No,1,5,Yes
3621,No,4,2,Yes
3622,Yes,1,2,Yes
3623,No,5,2,No
3624,No,5,5,Yes
3625,Yes,3,5,Yes
3626,No,5,3,Yes
3627,No,3,2,Yes
3628,Yes,2,2,No
3629,No,5,1,Yes
3631,Yes,1,3,No
3632,No,3,4,No
3633,Yes,5,3,No
3634,Yes,2,4,Yes
3635,No,1,2,Yes
3636,No,1,1,Yes
3637,No,1,5,No
3638,No,1,2,No
3639,No,5,2,Yes
3640,No,3,2,Yes
3641,No,5,3,Yes
3642,No,4,3,Yes
3643,No,1,2,Yes
3644,No,1,2,No
3645,Yes,1,1,No
3646,No,2,4,Yes
3647,No,2,3,Yes
3648,No,4,1,Yes
3649,Yes,3,2,Yes
3651,No,2,1,Yes
3652,No,5,4,Yes
3653,No,4,1,Yes
3654,No,1,1,Yes
3655,No,1,5,Yes
3656,No,3,5,Yes
3657,No,5,2,No
3659,No,5,4,No
3660,Yes,3,4,Yes
3661,No,3,1,Yes
3662,No,4,2,No
3663,No,5,3,No
3664,Yes,5,4,Yes
3666,Yes,5,2,Yes
3667,No,5,1,Yes
3668,No,1,3,No
3669,No,4,1,No
3671,Yes,4,2,Yes
3672,No,1,5,No
3673,Yes,3,5,Yes
3674,No,3,3,No
3675,Yes,3,4,Yes
3676,Yes,3,3,Yes
3677,No,5,2,No
3678,Yes,3,3,Yes
3679,Yes,2,5,Yes
3680,No,3,3,Yes
3681,No,5,5,Yes
3682,Yes,5,2,No
3683,No,2,5,Yes
3684,No,3,3,No
3685,No,4,3,No
3686,No,2,3,No
3687,No,3,5,Yes
3689,Yes,2,3,No
3690,Yes,3,2,Yes
3691,No,5,3,No
3692,No,1,2,Yes
3694,No,2,3,No
3695,Yes,3,4,Yes
3696,Yes,5,4,Yes
3698,Yes,4,2,No
3700,No,2,2,Yes
3701,No,2,5,Yes
3702,No,5,1,Yes
3703,No,3,2,Yes
3704,No,5,5,Yes
3706,No,5,1,No
3707,No,2,5,No
3708,No,3,3,No
3709,No,1,3,No
3710,Yes,2,3,Yes
3711,No,2,2,No
3712,No,2,1,No
3713,No,2,4,Yes
3716,No,5,5,No
3717,Yes,2,3,Yes
3718,No,5,2,Yes
3719,No,5,3,Yes
3720,Yes,5,4,Yes
3721,No,2,3,No
3722,No,4,1,No
3723,Yes,5,2,Yes
3724,No,2,3,Yes
3725,No,5,5,Yes
3727,No,3,4,No
3728,No,4,1,Yes
3729,No,1,3,Yes
3730,No,1,3,Yes
3731,Yes,5,3,Yes
3732,No,3,5,Yes
3733,Yes,4,2,No
3734,No,3,1,No
3735,No,5,2,Yes
3736,No,1,2,Yes
3737,No,3,2,Yes
3738,No,5,1,Yes
3739,No,3,3,Yes
3740,No,5,4,No
3741,Yes,3,3,Yes
3742,Yes,3,1,Yes
3743,No,4,4,No
3744,Yes,4,2,Yes
3745,No,2,3,Yes
3746,Yes,5,3,Yes
3747,No,2,5,Yes
3749,Yes,5,3,Yes
3750,No,5,3,Yes
3751,No,5,2,Yes
3752,Yes,4,5,Yes
3753,No,3,3,No
3754,No,3,3,No
3755,No,2,4,No
3756,No,4,2,No
3757,No,1,1,Yes
3758,Yes,4,5,Yes
3759,No,3,1,No
3760,No,5,2,Yes
3761,No,3,4,Yes
3762,Yes,3,3,No
3763,No,4,1,Yes
3764,Yes,1,1,Yes
3765,Yes,4,3,Yes
3766,No,3,3,No
3768,No,1,2,No
3769,No,3,1,Yes
3770,No,1,1,No
3771,Yes,2,5,Yes
3772,Yes,5,2,Yes
3773,No,4,5,Yes
3774,No,5,1,No
3775,No,2,2,Yes
3776,No,3,4,Yes
3777,Yes,4,5,No
3778,No,1,4,Yes
3779,No,4,4,Yes
3780,No,5,1,Yes
3782,No,5,5,Yes
3783,Yes,1,1,Yes
3784,No,3,3,Yes
3785,Yes,2,2,Yes
3786,No,5,5,Yes
3787,Yes,4,5,Yes
3788,No,2,1,No
3789,No,1,5,No
3790,No,1,1,No
3791,No,3,5,No
3792,No,2,1,No
3793,No,5,1,No
3794,No,1,3,Yes
3795,No,2,4,Yes
3796,Yes,2,5,Yes
3797,No,5,3,No
3799,No,4,2,No
3800,No,3,4,Yes
3801,No,1,3,Yes
3804,No,3,3,Yes
3805,Yes,2,1,Yes
3806,No,3,5,Yes
3807,Yes,3,3,Yes
3808,Yes,2,3,Yes
3809,Yes,1,3,Yes
3810,No,2,5,No
3811,Yes,3,2,Yes
3812,Yes,1,1,Yes
3813,No,1,3,No
3814,Yes,2,2,Yes
3815,Yes,3,2,No
3816,No,5,1,Yes
3817,No,5,2,Yes
3818,Yes,3,2,No
3819,No,4,1,Yes
3820,No,3,1,No
3821,No,5,3,Yes
3822,No,4,3,Yes
3823,No,3,5,Yes
3824,No,2,5,No
3825,Yes,1,5,Yes
3826,No,5,2,Yes
3827,No,3,2,No
3828,No,3,4,Yes
3829,Yes,2,3,Yes
3830,Yes,3,4,Yes
3831,No,3,2,Yes
3832,Yes,3,5,Yes
3833,Yes,4,3,No
3834,No,1,5,No
3835,No,4,5,Yes
3836,No,5,3,Yes
3837,No,4,4,No
3839,No,3,2,Yes
3840,No,5,5,Yes
3841,No,5,5,Yes
3842,No,5,3,Yes
3843,No,1,2,Yes
3844,No,3,4,No
3845,Yes,5,3,Yes
3846,No,5,5,Yes
3847,Yes,1,3,Yes
3848,No,5,2,Yes
3849,No,4,4,Yes
3850,No,5,5,Yes
3851,No,4,3,No
3852,No,1,3,Yes
3853,No,5,3,Yes
3854,Yes,1,5,Yes
3855,No,4,2,Yes
3857,No,2,5,Yes
3858,No,3,1,Yes
3859,No,4,5,No
3861,No,1,4,No
3862,No,1,3,No
3863,No,2,5,No
3864,No,2,5,No
3865,Yes,3,3,No
3866,No,4,1,Yes
3867,Yes,5,4,Yes
3868,Yes,3,4,Yes
3869,Yes,1,5,No
3870,No,4,4,Yes
3871,No,5,2,Yes
3872,Yes,4,1,Yes
3873,No,1,1,Yes
3874,Yes,2,2,No
3875,No,3,5,No
3876,No,1,5,No
3877,Yes,2,1,Yes
3878,Yes,3,4,No
3879,No,2,4,No
3880,No,3,1,Yes
3881,Yes,1,3,Yes
3882,No,4,1,No
3883,Yes,5,2,Yes
3885,Yes,5,4,No
3887,No,5,4,No
3888,Yes,3,2,Yes
3889,Yes,2,5,No
3890,No,5,3,Yes
3891,Yes,4,5,Yes
3892,Yes,2,1,Yes
3893,No,4,2,Yes
3894,Yes,4,5,No
3895,No,2,3,Yes
3896,No,4,5,No
3897,No,3,3,Yes
3898,No,1,5,Yes
3899,No,5,5,No
3900,No,5,3,No
3901,No,2,1,No
3902,No,4,4,Yes
3903,No,3,1,No
3905,Yes,2,4,Yes
3906,No,4,4,Yes
3907,No,2,5,Yes
3908,Yes,5,1,Yes
3909,Yes,4,4,Yes
3911,No,5,3,Yes
3912,No,4,5,Yes
3913,No,1,4,No
3914,No,3,1,Yes
3915,No,1,2,No
3916,No,2,5,Yes
3917,No,1,5,Yes
3918,No,5,1,Yes
3919,No,3,1,No
3920,No,3,2,No
3921,No,1,2,Yes
3922,No,3,2,No
3923,No,1,2,Yes
3924,No,3,1,No
3925,No,4,4,Yes
3926,No,4,5,Yes
3927,No,2,3,Yes
3930,No,4,5,No
3932,Yes,2,5,Yes
3933,Yes,1,1,Yes
3934,Yes,3,3,Yes
3935,No,4,1,Yes
3937,Yes,3,5,Yes
3938,No,1,4,Yes
3939,Yes,4,2,Yes
3940,Yes,1,4,Yes
3941,Yes,5,5,No
3942,No,1,5,Yes
3943,No,5,4,Yes
3944,Yes,2,2,Yes
3946,No,4,2,Yes
3947,No,1,4,Yes
3948,No,2,1,No
3949,No,2,4,No
3950,Yes,1,5,Yes
3951,Yes,3,3,Yes
3952,No,4,3,Yes
3953,No,2,4,No
3954,Yes,2,4,No
3955,No,1,4,No
3956,Yes,4,1,Yes
3957,Yes,5,4,No
3959,No,2,4,Yes
3960,No,2,2,Yes
3961,No,5,4,Yes
3962,No,2,5,Yes
3963,No,3,1,Yes
3964,No,5,1,Yes
3965,No,4,1,Yes
3966,No,3,3,Yes
3967,No,5,4,No
3968,Yes,5,2,Yes
3969,Yes,1,1,Yes
3970,Yes,1,4,Yes
3971,No,3,3,Yes
3972,No,1,1,Yes
3973,Yes,1,2,No
3974,No,1,5,Yes
3975,No,3,5,No
3976,Yes,1,2,Yes
3977,No,2,1,Yes
3978,Yes,1,1,Yes
3979,No,2,2,No
3980,No,3,4,Yes
3981,No,2,2,Yes
3983,Yes,4,4,Yes
3984,Yes,5,4,No
3985,No,4,1,Yes
3986,No,2,4,Yes
3987,No,2,1,No
3988,Yes,2,4,Yes
3989,No,4,4,Yes
3990,No,3,5,No
3991,No,3,5,No
3992,No,2,2,No
3993,Yes,3,4,No
3994,No,1,4,No
3995,No,5,1,No
3996,No,4,4,Yes
3997,No,2,4,Yes
3998,No,2,1,No
4000,Yes,2,4,No
4001,Yes,2,5,Yes
4002,Yes,2,3,No
4003,No,1,4,No
4004,Yes,4,4,Yes
4005,No,2,2,Yes
4006,Yes,2,5,No
4007,No,3,3,Yes
4009,Yes,1,3,No
4010,No,4,4,Yes
4011,No,2,4,Yes
4012,No,4,3,Yes
4013,No,4,5,Yes
4014,No,2,5,Yes
4015,No,1,5,Yes
4016,No,2,4,Yes
4017,Yes,4,1,Yes
4018,No,3,2,Yes
4020,No,3,4,Yes
4021,Yes,3,2,No
4022,No,2,1,Yes
4023,No,1,4,No
4024,No,5,3,Yes
4025,No,3,4,Yes
4026,No,1,5,Yes
4027,Yes,5,1,Yes
4028,No,5,4,Yes
4029,No,1,1,Yes
4030,Yes,3,5,Yes
4031,No,1,3,No
4033,No,5,5,No
4034,No,2,1,No
4035,No,3,2,Yes
4036,No,3,5,No
4037,Yes,3,4,No
4038,No,4,1,Yes
4039,No,3,5,No
4040,No,2,4,Yes
4041,Yes,1,2,Yes
4042,No,4,2,Yes
4043,No,2,3,Yes
4045,No,4,1,Yes
4046,Yes,2,4,Yes
4047,No,5,3,Yes
4048,Yes,1,5,Yes
4049,No,5,2,Yes
4050,Yes,5,2,No
4051,Yes,4,4,Yes
4052,Yes,5,2,Yes
4053,Yes,4,1,Yes
4054,Yes,3,3,Yes
4057,No,5,5,No
4058,No,4,5,Yes
4059,No,4,3,No
4060,Yes,3,5,No
4061,No,1,5,Yes
4062,No,1,2,Yes
4063,No,1,2,Yes
4064,Yes,1,4,Yes
4065,Yes,3,1,Yes
4066,No,1,5,No
4067,No,5,3,No
4068,Yes,1,5,Yes
4069,No,2,4,No
4070,No,2,2,Yes
4072,No,1,1,No
4073,No,1,4,Yes
4074,No,5,1,No
4075,Yes,3,4,Yes
4076,No,4,4,Yes
4077,No,2,2,No
4078,No,3,4,Yes
4079,Yes,5,4,No
4080,Yes,4,3,No
4081,No,1,4,Yes
4082,Yes,3,1,Yes
4083,No,3,3,Yes
4084,No,3,2,No
4086,No,1,5,Yes
4087,Yes,2,2,Yes
4088,No,4,2,Yes
4089,Yes,1,5,Yes
4091,No,4,3,No
4092,No,5,3,No
4093,No,5,4,Yes
4094,No,1,1,No
4095,Yes,3,4,Yes
4096,No,4,1,Yes
4097,Yes,4,2,Yes
4098,No,1,5,Yes
4099,No,5,2,Yes
4101,No,3,2,Yes
4102,Yes,4,5,Yes
4104,No,3,1,No
4105,No,3,5,Yes
4106,Yes,4,3,Yes
4107,No,2,5,Yes
4108,No,2,3,No
4110,No,1,2,Yes
4111,No,2,5,No
4112,No,3,5,No
4113,No,2,3,No
4114,No,4,5,Yes
4115,Yes,2,3,No
4116,Yes,4,5,Yes
4117,No,4,2,Yes
4118,No,3,4,Yes
4119,No,1,1,No
4120,No,5,4,Yes
4121,Yes,4,5,Yes
4122,No,5,2,No
4123,Yes,4,2,No
4124,Yes,2,4,No
4125,No,3,4,No
4128,No,2,2,No
4129,Yes,1,4,Yes
4130,No,3,3,Yes
4131,No,2,5,Yes
4132,No,3,3,Yes
4133,No,3,4,No
4135,Yes,3,5,Yes
4136,No,2,4,No
4137,Yes,2,3,Yes
4138,No,2,4,No
4139,No,2,3,Yes
4141,No,3,4,Yes
4142,No,1,2,Yes
4143,No,5,5,Yes
4144,Yes,3,5,Yes
4145,No,5,5,No
4146,Yes,3,3,Yes
4147,No,2,3,No
4148,No,5,2,No
4149,No,3,5,Yes
4150,Yes,5,3,Yes
4151,No,4,4,Yes
4152,No,1,1,No
4153,No,3,1,Yes
4154,No,1,2,Yes
4155,No,3,1,Yes
4156,No,2,1,Yes
4157,No,1,5,No
4158,No,5,2,Yes
4160,Yes,4,1,No
4161,No,5,4,Yes
4162,No,2,4,No
4163,No,2,2,Yes
4164,Yes,5,2,Yes
4167,Yes,2,4,Yes
4168,No,3,1,Yes
4169,No,4,5,No
4170,Yes,1,5,Yes
4171,No,5,4,No
4172,No,1,3,Yes
4173,Yes,1,5,No
4174,Yes,2,4,Yes
4175,No,1,5,Yes
4176,Yes,4,4,Yes
4177,No,5,1,No
4178,No,5,5,Yes
4179,Yes,3,5,Yes
4180,Yes,3,2,Yes
4181,No,1,3,Yes
4182,Yes,3,3,Yes
4183,No,5,2,Yes
4184,No,4,3,Yes
4185,Yes,5,5,Yes
4186,No,4,2,No
4187,No,1,4,No
4188,No,1,2,Yes
4189,No,2,2,Yes
4190,Yes,3,3,Yes
4191,No,1,4,No
4192,Yes,1,5,No
4195,Yes,5,4,No
4196,Yes,1,1,No
4197,Yes,4,2,No
4198,No,1,5,No
4200,Yes,4,5,Yes
4201,No,2,3,No
4202,Yes,4,2,Yes
4203,No,1,4,No
4204,No,3,3,No
4205,No,2,2,Yes
4206,Yes,5,3,Yes
4207,Yes,4,3,Yes
4208,No,5,2,Yes
4211,No,5,5,Yes
4213,No,3,5,No
4214,Yes,1,1,No
4215,Yes,5,4,Yes
4216,Yes,2,3,Yes
4217,No,2,4,Yes
4218,Yes,4,2,No
4220,No,4,2,Yes
4221,No,2,3,Yes
4222,No,1,3,No
4223,No,1,5,No
4224,No,2,4,Yes
4226,No,3,4,No
4227,No,3,5,Yes
4228,Yes,1,2,No
4229,No,2,1,Yes
4230,No,2,3,Yes
4231,No,1,4,Yes
4232,No,5,2,No
4233,No,4,1,Yes
4234,No,2,1,Yes
4235,Yes,4,1,No
4236,No,5,3,No
4237,No,5,5,No
4238,Yes,2,1,Yes
4239,No,1,5,Yes
4240,No,1,3,Yes
4241,No,4,4,Yes
4242,No,5,2,No
4243,No,1,2,Yes
4244,No,4,2,Yes
4245,Yes,2,2,Yes
4246,No,4,1,Yes
4247,No,3,2,Yes
4248,No,5,2,No
4249,No,1,3,No
4250,Yes,3,3,Yes
4252,No,4,4,No
4253,No,5,4,Yes
4254,No,5,3,Yes
4255,No,3,2,Yes
4256,No,2,5,Yes
4257,Yes,3,2,Yes
4258,No,5,3,Yes
4259,Yes,3,1,Yes
4260,No,2,5,Yes
4261,Yes,3,1,Yes
4262,No,3,2,Yes
4263,Yes,4,2,Yes
4264,Yes,4,5,No
4265,No,4,3,No
4267,No,3,4,No
4268,No,3,3,Yes
4269,No,1,4,No
4270,No,4,4,Yes
4271,No,1,2,No
4272,Yes,1,1,Yes
4273,Yes,5,2,No
4274,No,5,3,No
4275,No,5,2,Yes
4277,No,2,5,Yes
4278,No,4,3,Yes
4279,Yes,2,5,Yes
4280,Yes,5,4,No
4281,No,5,1,Yes
4282,No,2,4,Yes
4283,No,2,1,Yes
4284,Yes,5,4,Yes
4285,No,4,1,Yes
4286,Yes,4,1,No
4287,Yes,1,2,No
4288,No,3,4,No
4289,No,1,1,No
4290,No,2,1,No
4291,No,4,2,Yes
4292,No,4,1,No
4293,No,1,5,No
4294,No,1,3,Yes
4295,Yes,5,2,Yes
4297,Yes,3,4,Yes
4298,Yes,2,1,Yes
4299,No,2,3,No
4300,Yes,2,4,Yes
4301,No,4,1,Yes
4302,No,3,3,Yes
4303,No,4,1,Yes
4304,Yes,3,2,Yes
4305,No,1,3,Yes
4306,No,2,2,Yes
4307,No,5,4,Yes
4308,No,4,5,Yes
4309,No,4,3,No
4310,No,1,3,No
4311,No,5,4,Yes
4313,Yes,4,5,No
4314,No,4,5,Yes
4315,No,3,5,Yes
4316,No,5,1,No
4317,Yes,4,3,Yes
4318,No,3,5,Yes
4319,Yes,4,4,Yes
4320,No,1,5,No
4322,No,1,1,Yes
4323,Yes,2,1,Yes
4324,No,2,2,No
4325,Yes,3,3,Yes
4326,No,2,2,Yes
4327,Yes,5,2,No
4328,No,4,3,No
4329,No,2,5,No
4330,No,5,3,No
4331,No,5,4,No
4332,No,2,1,No
4333,No,1,3,No
4334,Yes,1,1,No
4335,No,4,1,Yes
4336,No,1,2,Yes
4337,No,2,4,No
4338,No,5,1,Yes
4339,No,2,5,Yes
4340,No,4,3,Yes
4341,No,4,1,No
4342,No,5,4,No
4343,No,2,1,Yes
4344,No,5,5,No
4345,Yes,4,3,Yes
4346,No,5,1,Yes
4347,Yes,2,2,No
4348,No,5,4,No
4349,Yes,3,3,Yes
4350,Yes,1,3,Yes
4351,Yes,2,2,Yes
4353,No,4,4,No
4354,Yes,4,5,Yes
4355,No,4,2,No
4357,Yes,2,2,Yes
4358,No,3,5,Yes
4359,No,3,3,Yes
4360,No,2,3,Yes
4361,No,2,2,No
4362,No,1,3,Yes
4363,No,4,5,Yes
4365,No,2,3,Yes
4366,Yes,5,4,Yes
4368,Yes,5,1,No
4369,No,2,3,Yes
4370,No,4,3,Yes
4372,No,4,5,Yes
4374,No,4,4,Yes
4375,No,3,2,No
4377,Yes,4,3,Yes
4378,No,5,3,No
4379,No,1,2,Yes
4380,No,1,2,Yes
4381,No,1,4,Yes
4382,Yes,4,5,Yes
4383,Yes,5,5,Yes
4384,Yes,2,4,No
4385,No,1,4,Yes
4386,No,4,1,Yes
4387,Yes,1,5,Yes
4389,Yes,2,1,No
4390,No,5,2,Yes
4391,No,1,1,No
4392,No,3,1,No
4393,No,3,2,No
4394,Yes,1,3,Yes
4395,Yes,2,1,Yes
4396,No,3,5,No
4397,No,2,2,Yes
4399,Yes,2,5,No
4400,Yes,4,3,Yes
4402,Yes,2,1,Yes
4403,Yes,1,1,Yes
4404,Yes,5,5,Yes
4405,Yes,1,5,Yes
4406,Yes,5,2,Yes
4407,No,5,2,Yes
4408,Yes,3,4,Yes
4409,Yes,1,5,No
4410,No,2,3,No
4411,No,1,4,No
4412,No,2,3,No
4413,No,5,2,No
4414,No,1,4,Yes
4415,Yes,3,5,No
4417,No,2,3,Yes
4418,No,5,1,No
4419,No,1,4,No
4421,No,3,1,Yes
4422,No,4,2,No
4423,Yes,1,5,Yes
4424,No,4,2,No
4425,No,5,4,No
4426,No,5,3,No
4427,Yes,2,2,Yes
4428,No,1,5,Yes
4429,Yes,3,4,Yes
4430,Yes,5,5,Yes
4431,Yes,2,1,No
4432,Yes,1,4,Yes
4433,No,4,5,No
4434,Yes,3,5,Yes
4435,Yes,1,5,Yes
4436,Yes,5,1,No
4437,No,2,1,No
4438,Yes,1,1,No
4439,No,3,1,Yes
4440,Yes,2,2,No
4441,No,5,2,Yes
4442,No,1,1,Yes
4443,Yes,2,1,No
4444,Yes,2,4,No
4445,No,5,5,Yes
4446,No,1,4,No
4447,No,3,3,Yes
4448,Yes,5,4,Yes
4449,No,5,3,No
4450,No,2,3,Yes
4452,No,1,4,Yes
4454,Yes,1,4,Yes
4455,No,2,3,No
4456,No,2,1,No
4457,No,3,4,Yes
4458,Yes,4,4,No
4459,No,1,2,Yes
4460,Yes,4,1,Yes
4462,No,4,2,No
4463,No,4,5,No
4464,No,2,5,No
4465,No,5,5,Yes
4466,No,5,2,Yes
4467,No,4,1,No
4468,Yes,4,1,Yes
4469,Yes,5,4,Yes
4470,Yes,3,2,Yes
4471,No,3,5,No
4472,Yes,2,1,Yes
4473,No,5,5,No
4474,Yes,5,3,Yes
4475,No,3,5,No
4476,No,1,3,Yes
4477,No,2,1,No
4478,Yes,2,2,Yes
4479,Yes,4,3,Yes
4480,No,2,1,Yes
4481,No,4,5,Yes
4482,No,2,2,Yes
4483,Yes,2,5,Yes
4484,Yes,4,5,Yes
4486,Yes,2,5,Yes
4487,No,1,4,Yes
4488,No,1,3,No
4489,No,2,2,Yes
4490,No,1,5,No
4491,No,5,5,Yes
4492,No,1,2,Yes
4493,Yes,5,1,No
4494,No,2,3,No
4496,Yes,1,2,Yes
4498,No,4,3,No
4499,Yes,4,3,Yes
4500,Yes,2,4,No
4501,No,1,5,No
4503,No,5,5,Yes
4504,No,3,2,Yes
4505,No,2,3,No
4506,Yes,3,2,No
4507,No,2,4,Yes
4508,No,2,5,Yes
4509,No,2,5,Yes
4510,Yes,2,3,No
4511,Yes,3,3,No
4512,Yes,3,4,Yes
4513,Yes,2,2,Yes
4514,No,2,3,Yes
4515,No,1,4,Yes
4516,Yes,1,2,Yes
4518,Yes,4,1,Yes
4519,No,4,3,No
4521,No,1,1,Yes
4522,Yes,3,2,No
4523,No,3,5,Yes
4524,Yes,5,3,No
4525,Yes,3,4,Yes
4526,No,2,4,Yes
4527,No,2,2,No
4528,No,4,3,Yes
4529,No,1,5,No
4530,No,4,4,Yes
4531,Yes,3,3,Yes
4532,No,1,3,No
4533,No,2,1,Yes
4534,Yes,3,1,Yes
4535,No,2,5,Yes
4536,No,2,2,Yes
4537,No,2,5,No
4538,Yes,1,4,Yes
4539,No,1,3,No
4540,No,5,3,No
4542,No,5,4,Yes
4543,No,3,1,Yes
4544,No,2,5,Yes
4545,Yes,1,1,Yes
4546,No,1,3,No
4547,Yes,3,3,No
4548,No,1,3,Yes
4549,No,1,5,Yes
4551,Yes,1,1,No
4552,No,4,2,Yes
4553,No,5,2,Yes
4556,No,4,5,No
4557,No,4,3,No
4558,No,1,2,No
4560,No,4,1,Yes
4561,No,3,4,Yes
4562,No,2,3,No
4563,Yes,1,1,Yes
4564,Yes,1,2,No
4565,Yes,1,2,Yes
4566,No,2,2,Yes
4568,Yes,3,5,Yes
4569,No,2,4,Yes
4570,No,4,4,Yes
4571,No,2,3,No
4572,No,4,5,Yes
4573,No,1,4,No
4574,No,1,3,No
4575,Yes,1,2,Yes
4577,No,4,5,Yes
4579,Yes,3,4,Yes
4582,No,1,3,Yes
4583,No,2,1,Yes
4584,No,4,3,No
4585,Yes,5,1,Yes
4586,No,1,2,Yes
4587,Yes,3,1,No
4588,Yes,5,1,No
4589,No,5,2,Yes
4590,No,4,5,Yes
4591,No,1,5,No
4592,No,2,5,Yes
4593,No,3,5,No
4594,Yes,1,2,Yes
4595,Yes,1,4,Yes
4596,No,2,5,Yes
4597,No,3,4,Yes
4598,No,2,3,Yes
4600,No,1,2,No
4602,No,5,3,Yes
4603,No,2,1,Yes
4604,Yes,5,4,Yes
4605,No,4,3,No
4606,No,1,3,No
4607,No,2,5,Yes
4608,No,1,3,No
4609,No,1,5,Yes
4610,No,4,4,No
4611,No,4,4,Yes
4612,Yes,3,1,No
4613,No,3,5,Yes
4614,No,5,4,Yes
4616,No,1,4,Yes
4617,Yes,1,5,No
4618,Yes,1,1,Yes
4619,No,5,2,No
4621,Yes,3,5,Yes
4622,No,1,4,Yes
4623,Yes,3,4,Yes
4626,No,4,1,No
4627,No,3,5,Yes
4628,Yes,3,5,No
4629,No,5,2,Yes
4630,Yes,4,1,Yes
4631,No,3,5,No
4632,No,1,1,Yes
4633,Yes,2,5,No
4634,No,1,2,No
4635,No,1,3,Yes
4636,Yes,1,3,Yes
4637,No,4,1,Yes
4638,No,5,2,Yes
4639,No,5,2,Yes
4640,No,1,5,Yes
4641,No,3,5,Yes
4642,Yes,4,4,Yes
4643,No,4,1,Yes
4644,No,3,1,No
4645,Yes,3,3,Yes
4646,Yes,4,5,No
4647,Yes,4,4,Yes
4648,No,2,2,Yes
4649,Yes,1,3,Yes
4650,No,3,5,Yes
4651,No,5,4,No
4652,Yes,1,1,No
4653,Yes,3,2,Yes
4654,No,2,1,Yes
4655,No,3,2,No
4656,No,2,2,No
4657,Yes,4,5,Yes
4659,Yes,2,1,Yes
4660,No,3,4,Yes
4661,Yes,1,1,Yes
4662,No,4,2,No
4663,No,2,2,No
4664,Yes,2,5,No
4665,Yes,2,1,Yes
4666,No,1,1,No
4667,No,3,4,No
4668,Yes,5,5,Yes
4669,No,4,1,Yes
4670,Yes,4,3,No
4671,Yes,5,1,Yes
4672,No,3,1,No
4673,No,2,1,Yes
4674,No,1,4,No
4675,Yes,2,2,Yes
4676,Yes,1,2,Yes
4677,No,4,2,Yes
4678,No,1,4,Yes
4679,Yes,1,1,No
4680,Yes,2,1,Yes
4681,Yes,5,4,Yes
4682,Yes,1,1,No
4683,Yes,5,4,Yes
4684,No,2,2,Yes
4685,Yes,3,5,No
4686,No,4,5,No
4687,No,3,4,Yes
4689,No,2,5,Yes
4690,No,3,5,Yes
4691,No,3,5,No
4692,Yes,1,5,No
4693,No,4,3,No
4696,No,2,1,No
4697,No,5,4,Yes
4698,No,2,5,Yes
4699,No,5,3,Yes
4700,No,5,4,Yes
4701,Yes,1,1,No
4702,Yes,1,3,No
4703,No,4,2,No
4704,Yes,1,4,Yes
4705,Yes,5,5,Yes
4706,No,4,5,No
4707,No,2,3,No
4708,No,3,5,No
4709,No,3,3,No
4710,No,2,1,Yes
4711,No,4,4,No
4713,No,3,5,Yes
4714,No,2,2,Yes
4715,No,3,5,Yes
4716,No,1,3,Yes
4717,No,5,3,Yes
4718,No,5,2,Yes
4719,No,5,5,Yes
4720,Yes,3,5,Yes
4721,Yes,1,5,Yes
4722,No,2,4,No
4723,No,5,5,Yes
4726,No,1,4,Yes
4728,No,4,4,No
4729,No,1,5,Yes
4730,No,2,2,No
4731,No,2,5,Yes
4732,No,4,2,Yes
4733,No,4,2,Yes
4734,No,4,1,Yes
4735,No,5,3,No
4736,Yes,5,3,No
4737,No,4,1,No
4738,No,5,2,Yes
4739,No,4,1,Yes
4740,No,5,5,Yes
4741,No,1,3,Yes
4742,No,1,4,Yes
4743,No,3,1,Yes
4744,No,4,5,No
4745,Yes,5,4,Yes
4746,No,5,5,Yes
4747,Yes,1,3,Yes
4748,Yes,4,1,Yes
4749,No,5,1,No
4750,No,1,3,No
4751,No,5,2,No
4752,No,1,1,No
4753,No,2,1,No
4754,No,2,2,Yes
4755,No,2,1,Yes
4756,No,3,3,No
4757,No,5,2,Yes
4758,No,1,2,Yes
4759,Yes,5,1,Yes
4760,Yes,1,3,No
4762,Yes,2,2,Yes
4764,No,3,5,Yes
4765,Yes,2,1,No
4766,No,3,2,Yes
4767,No,3,4,No
4768,No,3,1,No
4769,No,5,3,Yes
4771,No,1,4,No
4772,No,3,1,Yes
4773,Yes,5,4,No
4775,No,4,5,Yes
4776,No,1,5,No
4777,Yes,2,4,Yes
4778,Yes,1,1,No
4779,No,4,2,Yes
4780,No,5,2,Yes
4781,No,5,3,Yes
4782,No,1,1,No
4783,No,2,3,Yes
4784,Yes,4,3,Yes
4785,No,4,5,No
4787,No,2,2,Yes
4788,No,2,5,No
4789,No,1,1,Yes
4791,Yes,1,3,No
4792,No,1,1,Yes
4793,No,1,2,No
4794,Yes,5,5,Yes
4795,Yes,4,3,No
4796,Yes,1,2,Yes
4797,No,5,1,Yes
4798,No,2,4,Yes
4799,No,5,3,Yes
4800,No,3,3,Yes
4802,No,3,5,Yes
4803,No,1,4,Yes
4804,Yes,2,5,Yes
4805,Yes,5,1,Yes
4807,Yes,2,1,Yes
4808,Yes,1,4,Yes
4809,No,4,4,Yes
4810,No,4,2,Yes
4811,No,3,3,Yes
4812,No,3,5,Yes
4813,Yes,3,4,Yes
4814,No,4,3,Yes
4815,No,1,2,No
4816,Yes,5,2,Yes
4817,No,3,5,Yes
4818,No,5,4,Yes
4819,No,3,5,Yes
4820,No,4,2,Yes
4821,No,5,5,Yes
4822,No,2,2,Yes
4823,No,1,2,Yes
4824,No,2,3,Yes
4825,No,1,5,No
4826,No,5,2,No
4827,No,3,4,Yes
4828,No,3,2,Yes
4829,No,2,3,Yes
4830,No,2,1,No
4831,Yes,2,4,Yes
4832,Yes,5,5,No
4833,No,1,4,Yes
4835,Yes,1,5,Yes
4836,No,1,3,Yes
4837,Yes,5,3,No
4838,No,5,3,No
4839,No,2,1,No
4840,Yes,4,3,Yes
4841,No,3,4,No
4843,Yes,4,4,Yes
4844,No,5,4,No
4845,Yes,3,2,Yes
4846,No,1,5,Yes
4847,No,1,4,Yes
4848,Yes,5,4,No
4849,No,3,4,Yes
4850,Yes,4,1,No
4851,Yes,4,1,Yes
4854,Yes,3,1,Yes
4855,No,3,1,Yes
4856,No,4,4,Yes
4857,No,5,1,Yes
4858,No,5,5,Yes
4859,No,4,2,No
4860,No,1,2,No
4861,No,4,1,Yes
4862,No,5,3,No
4863,No,4,5,Yes
4864,No,2,5,No
4865,No,1,1,No
4867,No,5,1,Yes
4868,No,4,2,Yes
4869,No,3,4,No
4872,Yes,5,5,Yes
4873,No,4,3,Yes
4874,No,1,4,Yes
4875,Yes,2,4,No
4876,Yes,5,3,No
4877,Yes,4,3,Yes
4879,No,5,5,Yes
4880,No,4,5,No
4881,No,1,3,Yes
4882,Yes,3,2,Yes
4883,No,1,1,Yes
4884,No,2,4,Yes
4885,No,4,5,No
4886,No,1,2,Yes
4887,Yes,3,3,Yes
4888,No,1,4,No
4889,No,2,3,Yes
4890,No,3,4,Yes
4891,No,3,1,Yes
4892,No,3,2,Yes
4893,No,4,2,No
4894,Yes,2,1,No
4895,No,5,4,Yes
4896,Yes,3,3,Yes
4898,Yes,4,5,Yes
4899,No,5,4,No
4900,Yes,2,2,Yes
4901,No,2,4,No
4902,No,3,3,Yes
4903,No,5,4,No
4904,Yes,1,4,Yes
4905,Yes,3,5,No
4906,No,3,5,No
4907,No,5,5,No
4908,Yes,4,3,No
4909,No,5,5,Yes
4910,No,3,2,Yes
4911,No,5,3,Yes
4912,Yes,2,5,Yes
4913,No,5,4,Yes
4914,No,4,2,Yes
4915,Yes,3,5,No
4916,Yes,2,3,Yes
4917,Yes,1,1,No
4918,No,5,1,Yes
4920,Yes,4,1,Yes
4921,No,3,1,No
4922,No,2,5,Yes
4923,Yes,1,4,Yes
4924,No,1,3,Yes
4925,No,4,4,No
4926,No,3,3,Yes
4927,No,1,3,Yes
4928,No,4,2,No
4929,Yes,2,2,No
4930,Yes,1,1,No
4931,No,4,4,No
4932,Yes,3,3,No
4933,No,4,1,Yes
4934,No,2,5,Yes
4935,No,3,4,No
4936,No,4,1,Yes
4937,No,3,5,No
4938,Yes,1,2,Yes
4939,Yes,3,4,Yes
4940,No,3,2,No
4941,Yes,4,2,Yes
4943,No,2,1,Yes
4944,Yes,4,1,No
4945,No,3,5,Yes
4946,No,5,1,Yes
4947,No,2,2,Yes
4948,No,2,4,Yes
4949,Yes,5,4,Yes
4950,No,5,2,Yes
4951,No,5,1,Yes
4952,Yes,5,5,Yes
4953,No,1,5,No
4954,No,4,3,Yes
4955,Yes,1,1,Yes
4956,No,5,5,Yes
4958,Yes,4,4,No
4959,No,1,3,No
4960,No,3,5,Yes
4961,No,5,5,Yes
4962,No,2,4,Yes
4963,No,4,5,Yes
4964,No,3,2,Yes
4965,No,4,4,Yes
4967,Yes,1,5,Yes
4968,No,5,5,Yes
4969,No,3,4,Yes
4970,Yes,5,2,Yes
4971,Yes,5,5,Yes
4972,Yes,5,4,Yes
4973,No,3,1,Yes
4974,No,1,2,No
4975,No,5,2,Yes
4976,No,2,4,Yes
4977,No,1,3,Yes
4978,Yes,3,1,Yes
4979,No,5,5,Yes
4980,No,1,4,Yes
4981,No,4,4,No
4983,No,3,2,Yes
4984,No,2,5,No
4985,No,4,5,Yes
4988,No,1,1,Yes
4989,No,3,3,No
4990,No,4,3,No
4991,No,2,5,Yes
4992,No,1,5,Yes
4993,No,2,4,Yes
4994,Yes,4,4,No
4995,Yes,2,5,Yes
4997,No,4,5,No
4998,Yes,4,4,Yes
4999,No,2,2,No
